Datetime,precip_totl_tp,prsn_atmos_max_tp_prcedt,prsn_atmos_min_prmier_tmp,rad_gobal,tmp_air,tmp_pt_rose,humid_rlative_air,vent_vitess_tmp
2018-12-13 15:00:00,0.0,904.1,903.2,3873.0,30.5,17.2,45.0,2.9
2018-12-13 16:00:00,0.0,903.2,902.3,3339.0,31.8,15.7,38.0,2.9
2018-12-13 17:00:00,0.0,902.4,901.9,2102.0,30.1,17.2,46.0,4.2
2018-12-13 18:00:00,0.0,902.8,902.1,1681.0,25.4,16.4,57.0,2.9
2018-12-13 19:00:00,0.0,902.8,901.6,521.0,22.8,16.3,67.0,2.8
2018-12-13 20:00:00,0.0,901.6,900.7,595.0,24.0,17.3,66.0,1.2
2018-12-13 21:00:00,0.0,900.7,900.5,1229.0,25.9,16.9,58.0,0.2
2018-12-13 22:00:00,0.0,900.9,900.3,335.0,22.0,17.7,77.0,0.0
2018-12-13 23:00:00,0.0,901.9,900.9,335.0,19.1,17.1,88.0,0.1
2018-12-14 00:00:00,0.0,902.4,901.8,335.0,18.3,17.0,92.0,0.0
2018-12-14 01:00:00,0.0,903.2,902.4,335.0,17.5,16.5,94.0,0.0
2018-12-14 02:00:00,0.0,903.4,903.1,335.0,16.6,15.8,95.0,0.9
2018-12-14 03:00:00,0.0,903.4,903.1,335.0,16.3,15.6,96.0,0.0
2018-12-14 04:00:00,0.0,903.3,902.7,335.0,15.6,15.0,96.0,1.3
2018-12-14 05:00:00,0.0,902.8,902.3,335.0,15.3,14.8,96.0,0.0
2018-12-14 06:00:00,0.0,902.4,901.7,335.0,14.6,14.1,96.0,0.9
2018-12-14 07:00:00,0.0,901.8,901.2,335.0,14.1,13.6,97.0,0.2
2018-12-14 08:00:00,0.0,901.4,901.0,335.0,15.7,15.2,97.0,0.4
2018-12-14 09:00:00,0.0,902.0,901.3,35.0,17.0,16.5,97.0,0.0
2018-12-14 10:00:00,0.0,902.2,901.5,542.0,20.5,19.8,95.0,1.2
2018-12-14 11:00:00,0.0,902.9,902.1,1388.0,23.8,18.2,71.0,1.4
2018-12-14 12:00:00,0.0,903.7,902.8,2228.0,26.3,18.4,62.0,3.2
2018-12-14 13:00:00,0.0,903.7,903.3,2944.0,28.8,18.9,55.0,4.3
2018-12-14 14:00:00,0.0,903.5,903.2,3225.0,28.7,17.5,51.0,6.4
2018-12-14 15:00:00,0.0,903.5,902.7,3735.0,30.4,16.9,44.0,4.1
2018-12-14 16:00:00,0.0,902.7,902.4,3641.0,31.7,16.1,39.0,4.8
2018-12-14 17:00:00,0.0,902.5,902.2,2799.0,33.1,16.9,38.0,3.5
2018-12-14 18:00:00,0.0,902.3,902.0,1983.0,31.0,16.2,41.0,4.0
2018-12-14 19:00:00,0.0,902.0,901.5,2966.0,32.1,15.6,37.0,3.7
2018-12-14 20:00:00,0.0,901.7,901.4,1431.0,30.5,16.2,42.0,4.8
2018-12-14 21:00:00,0.0,902.3,901.7,619.0,28.7,15.7,45.0,3.4
2018-12-14 22:00:00,0.0,902.9,902.3,219.0,25.1,17.6,63.0,0.1
2018-12-14 23:00:00,0.0,903.6,902.9,0.0,21.0,17.5,81.0,0.2
2018-12-15 00:00:00,0.0,904.3,903.6,0.0,19.1,17.1,88.0,0.2
2018-12-15 01:00:00,0.0,905.3,904.3,0.0,18.0,16.6,92.0,0.0
2018-12-15 02:00:00,0.0,905.8,905.2,0.0,17.1,16.1,93.0,0.2
2018-12-15 03:00:00,0.0,905.9,905.7,0.0,16.9,16.1,95.0,0.5
2018-12-15 04:00:00,0.0,905.8,905.3,0.0,16.5,15.8,95.0,0.0
2018-12-15 05:00:00,0.0,905.3,905.1,0.0,15.8,15.1,96.0,0.0
2018-12-15 06:00:00,0.0,905.1,904.8,0.0,15.5,15.0,96.0,0.2
2018-12-15 07:00:00,0.0,905.0,904.7,0.0,15.0,14.5,97.0,0.0
2018-12-15 08:00:00,0.0,905.7,905.0,0.0,14.2,13.7,97.0,0.0
2018-12-15 09:00:00,0.0,906.3,905.6,36.0,14.6,14.1,97.0,0.0
2018-12-15 10:00:00,0.0,906.7,906.3,563.0,19.1,18.2,94.0,0.3
2018-12-15 11:00:00,0.0,906.8,906.5,1367.0,24.9,19.2,71.0,0.5
2018-12-15 12:00:00,0.0,907.2,906.5,2028.0,27.2,19.6,63.0,1.2
2018-12-15 13:00:00,0.0,907.0,906.7,2296.0,27.8,19.5,61.0,2.8
2018-12-15 14:00:00,0.0,906.8,906.2,1996.0,29.0,20.6,61.0,1.7
2018-12-15 15:00:00,0.0,906.2,905.3,3344.0,30.1,17.6,47.0,2.7
2018-12-15 16:00:00,0.0,905.3,904.6,2594.0,30.8,18.7,49.0,2.5
2018-12-15 17:00:00,0.0,904.9,904.4,702.0,21.5,18.2,82.0,4.2
2018-12-15 18:00:00,1.6,905.6,904.8,65.0,18.9,17.6,92.0,1.4
2018-12-15 19:00:00,1.4,905.0,904.2,70.0,18.6,17.8,95.0,0.5
2018-12-15 20:00:00,0.0,905.7,904.2,95.0,18.7,18.0,95.0,0.0
2018-12-15 21:00:00,0.6,906.2,905.4,54.0,18.4,17.7,95.0,0.0
2018-12-15 22:00:00,0.0,905.8,905.2,18.0,18.0,17.3,96.0,0.4
2018-12-15 23:00:00,0.2,905.8,904.5,0.0,18.0,17.3,96.0,0.4
2018-12-16 00:00:00,0.0,907.4,905.7,0.0,17.4,16.8,96.0,0.2
2018-12-16 01:00:00,0.0,907.6,907.1,0.0,17.3,16.7,96.0,0.0
2018-12-16 02:00:00,0.0,907.6,906.9,0.0,16.5,15.9,96.0,0.3
2018-12-16 03:00:00,0.0,907.0,906.6,0.0,15.7,15.2,97.0,0.0
2018-12-16 04:00:00,0.0,906.7,906.1,0.0,16.2,15.7,97.0,0.0
2018-12-16 05:00:00,0.0,906.3,905.7,0.0,16.3,15.8,97.0,0.0
2018-12-16 06:00:00,0.0,905.8,905.7,0.0,16.5,16.0,97.0,0.0
2018-12-16 07:00:00,0.0,905.9,905.7,0.0,16.8,16.3,97.0,0.0
2018-12-16 08:00:00,0.0,906.0,905.7,0.0,16.5,16.1,97.0,0.0
2018-12-16 09:00:00,0.0,906.5,905.9,32.0,16.5,16.0,97.0,0.0
2018-12-16 10:00:00,0.0,906.9,906.5,309.0,17.6,17.1,97.0,0.0
2018-12-16 11:00:00,0.0,907.1,906.9,1016.0,19.9,19.3,97.0,0.0
2018-12-16 12:00:00,0.0,907.2,907.0,1989.0,24.2,20.1,78.0,0.2
2018-12-16 13:00:00,0.0,907.2,907.0,3010.0,27.0,18.9,62.0,2.1
2018-12-16 14:00:00,0.0,907.1,906.8,3493.0,28.7,19.4,57.0,2.6
2018-12-16 15:00:00,0.0,906.9,906.2,3838.0,29.5,18.2,50.0,2.4
2018-12-16 16:00:00,0.0,906.2,905.5,3578.0,31.4,18.9,48.0,2.8
2018-12-16 17:00:00,0.0,905.5,904.7,3630.0,30.2,18.1,48.0,3.1
2018-12-16 18:00:00,0.0,904.7,903.8,2216.0,29.6,18.0,50.0,2.0
2018-12-16 19:00:00,0.0,903.8,903.2,1847.0,31.2,18.4,47.0,1.5
2018-12-16 20:00:00,0.0,903.3,902.8,2204.0,30.9,17.2,44.0,1.8
2018-12-16 21:00:00,0.0,904.6,903.0,502.0,22.6,17.5,73.0,3.4
2018-12-16 22:00:00,10.6,904.8,904.2,56.0,20.3,19.3,94.0,2.2
2018-12-16 23:00:00,0.0,905.8,904.7,56.0,19.8,19.0,95.0,1.0
2018-12-17 00:00:00,0.8,906.4,905.8,56.0,19.5,18.8,96.0,1.0
2018-12-17 01:00:00,1.4,906.9,906.4,56.0,19.5,18.8,96.0,0.3
2018-12-17 02:00:00,0.2,907.0,906.6,56.0,19.3,18.7,96.0,0.3
2018-12-17 03:00:00,0.2,906.6,905.4,56.0,19.2,18.6,96.0,0.1
2018-12-17 04:00:00,0.0,905.4,904.3,56.0,19.2,18.6,97.0,0.0
2018-12-17 05:00:00,0.0,904.3,903.6,56.0,19.0,18.5,97.0,0.1
2018-12-17 06:00:00,0.0,904.1,903.6,56.0,18.9,18.3,97.0,0.3
2018-12-17 07:00:00,0.0,904.1,903.6,56.0,18.4,17.9,97.0,0.1
2018-12-17 08:00:00,0.0,903.9,903.5,56.0,17.6,17.1,97.0,0.2
2018-12-17 09:00:00,0.0,904.6,903.9,34.0,18.2,17.7,97.0,0.0
2018-12-17 10:00:00,0.0,904.9,904.5,504.0,19.7,19.1,97.0,0.1
2018-12-17 11:00:00,0.0,904.9,904.8,1053.0,22.0,20.3,90.0,0.3
2018-12-17 12:00:00,0.0,904.8,904.6,2123.0,26.0,21.5,76.0,0.7
2018-12-17 13:00:00,0.0,904.7,904.2,2910.0,27.9,20.4,64.0,2.8
2018-12-17 14:00:00,0.0,904.2,904.0,3502.0,28.6,19.3,57.0,4.7
2018-12-17 15:00:00,0.0,904.0,903.1,3746.0,30.1,18.8,51.0,3.3
2018-12-17 16:00:00,0.0,903.1,902.9,3328.0,31.0,19.5,50.0,3.7
2018-12-17 17:00:00,0.0,903.0,902.6,3589.0,31.5,18.8,47.0,4.7
2018-12-17 18:00:00,0.0,902.7,901.9,3015.0,32.0,18.5,45.0,4.0
2018-12-17 19:00:00,0.0,901.9,901.4,1623.0,31.3,19.2,49.0,3.7
2018-12-17 20:00:00,0.0,901.4,900.9,2132.0,29.8,18.0,49.0,4.9
2018-12-17 21:00:00,0.0,901.4,901.0,732.0,27.5,18.2,57.0,1.7
2018-12-17 22:00:00,0.0,901.8,901.2,111.0,23.4,20.2,82.0,0.2
2018-12-17 23:00:00,0.0,902.4,901.8,111.0,21.2,19.8,92.0,0.4
2018-12-18 00:00:00,0.0,903.6,902.4,111.0,20.1,19.1,94.0,0.1
2018-12-18 01:00:00,0.0,904.6,903.6,111.0,19.8,19.0,95.0,0.5
2018-12-18 02:00:00,0.0,904.6,904.2,111.0,19.0,18.4,96.0,0.1
2018-12-18 03:00:00,0.0,904.4,904.0,111.0,18.1,17.5,96.0,0.2
2018-12-18 04:00:00,0.0,904.6,903.9,111.0,18.7,18.1,96.0,0.3
2018-12-18 05:00:00,0.0,903.9,902.8,111.0,18.0,17.4,96.0,0.7
2018-12-18 06:00:00,0.0,903.0,902.8,111.0,17.2,16.7,96.0,0.1
2018-12-18 07:00:00,0.0,902.9,902.6,111.0,16.9,16.3,97.0,0.2
2018-12-18 08:00:00,0.0,903.1,902.7,111.0,16.0,15.4,97.0,0.0
2018-12-18 09:00:00,0.0,903.7,903.0,22.0,16.1,15.6,97.0,0.2
2018-12-18 10:00:00,0.0,904.4,903.7,324.0,18.2,17.6,97.0,0.0
2018-12-18 11:00:00,0.0,904.7,904.3,1356.0,23.7,19.5,77.0,0.8
2018-12-18 12:00:00,0.0,904.7,904.5,2216.0,27.1,19.7,64.0,1.6
2018-12-18 13:00:00,0.0,904.8,904.6,2876.0,28.3,19.8,60.0,1.7
2018-12-18 14:00:00,0.0,904.8,904.3,3631.0,30.9,21.0,56.0,3.6
2018-12-18 15:00:00,0.0,904.3,903.8,2438.0,28.9,20.4,60.0,2.2
2018-12-18 16:00:00,0.0,903.8,902.8,1901.0,29.7,20.1,57.0,4.1
2018-12-18 17:00:00,0.0,902.9,902.3,2050.0,27.1,19.9,65.0,2.6
2018-12-18 18:00:00,0.0,902.7,902.0,1745.0,28.1,20.6,64.0,2.8
2018-12-18 19:00:00,0.0,902.5,901.8,1470.0,28.3,18.6,56.0,2.0
2018-12-18 20:00:00,0.0,902.4,901.4,1116.0,27.2,18.8,60.0,1.7
2018-12-18 21:00:00,0.0,904.4,902.4,170.0,21.2,16.8,76.0,3.0
2018-12-18 22:00:00,5.4,906.2,904.1,16.0,19.1,18.3,95.0,1.2
2018-12-18 23:00:00,0.0,906.2,905.8,16.0,19.0,18.3,96.0,0.2
2018-12-19 00:00:00,0.0,906.8,906.1,16.0,18.8,18.2,96.0,0.7
2018-12-19 01:00:00,0.0,907.3,905.9,16.0,18.8,18.2,96.0,0.9
2018-12-19 02:00:00,0.0,905.9,904.9,16.0,18.1,17.5,96.0,0.4
2018-12-19 03:00:00,0.2,905.3,904.9,16.0,17.9,17.4,97.0,0.9
2018-12-19 04:00:00,0.0,905.3,905.0,16.0,18.2,17.7,97.0,1.1
2018-12-19 05:00:00,0.0,905.1,904.3,16.0,18.2,17.7,96.0,0.0
2018-12-19 06:00:00,0.0,904.3,903.7,16.0,18.0,17.4,96.0,0.0
2018-12-19 07:00:00,0.0,903.8,903.5,16.0,17.7,17.1,96.0,0.0
2018-12-19 08:00:00,0.0,903.8,903.6,16.0,17.9,17.3,96.0,0.3
2018-12-19 09:00:00,0.0,904.4,903.7,24.0,17.8,17.2,96.0,0.0
2018-12-19 10:00:00,0.0,904.7,904.4,616.0,19.2,17.3,89.0,0.1
2018-12-19 11:00:00,0.0,904.8,904.6,1159.0,21.0,18.1,83.0,0.0
2018-12-19 12:00:00,0.0,904.9,904.7,2153.0,23.7,19.4,77.0,0.7
2018-12-19 13:00:00,0.0,904.7,904.6,2908.0,26.7,19.7,65.0,1.2
2018-12-19 14:00:00,0.0,904.6,904.4,3447.0,28.7,19.2,57.0,2.1
2018-12-19 15:00:00,0.0,904.4,903.6,3791.0,30.2,18.8,51.0,2.7
2018-12-19 16:00:00,0.0,903.7,903.1,2771.0,30.4,20.4,55.0,1.5
2018-12-19 17:00:00,0.0,903.1,902.0,2171.0,27.6,19.5,61.0,3.2
2018-12-19 18:00:00,0.0,902.0,901.1,2828.0,30.3,17.3,46.0,2.5
2018-12-19 19:00:00,0.0,901.2,901.0,2237.0,32.0,17.4,42.0,2.9
2018-12-19 20:00:00,0.0,901.0,900.3,1844.0,27.2,19.1,61.0,2.3
2018-12-19 21:00:00,0.2,901.7,900.6,404.0,24.1,21.8,87.0,0.1
2018-12-19 22:00:00,0.0,902.0,901.4,162.0,22.6,18.8,79.0,1.3
2018-12-19 23:00:00,0.0,902.9,902.0,2.0,21.7,18.3,81.0,1.7
2018-12-20 00:00:00,0.0,903.3,902.7,2.0,19.9,17.8,88.0,0.7
2018-12-20 01:00:00,0.0,903.5,903.2,2.0,19.5,18.0,91.0,0.3
2018-12-20 02:00:00,0.0,903.9,903.5,2.0,18.8,17.0,89.0,0.5
2018-12-20 03:00:00,0.0,903.6,902.8,2.0,17.5,16.6,94.0,0.0
2018-12-20 04:00:00,0.0,902.9,902.5,2.0,16.7,16.1,96.0,0.0
2018-12-20 05:00:00,0.0,902.6,901.8,2.0,15.7,15.1,96.0,0.1
2018-12-20 06:00:00,0.0,901.8,901.6,2.0,14.6,14.1,96.0,0.0
2018-12-20 07:00:00,0.0,901.7,901.5,2.0,14.6,14.1,97.0,1.3
2018-12-20 08:00:00,0.0,902.1,901.7,2.0,14.3,13.8,97.0,0.0
2018-12-20 09:00:00,0.0,902.2,902.0,34.0,14.1,13.7,97.0,0.0
2018-12-20 10:00:00,0.0,902.4,902.2,496.0,17.8,17.3,97.0,0.0
2018-12-20 11:00:00,0.0,902.7,902.4,1122.0,20.7,18.8,89.0,1.6
2018-12-20 12:00:00,0.0,902.7,902.6,1331.0,22.3,19.1,83.0,1.1
2018-12-20 13:00:00,0.0,902.6,902.1,2545.0,25.3,20.5,75.0,0.6
2018-12-20 14:00:00,0.0,902.2,901.7,3423.0,28.5,20.4,62.0,1.3
2018-12-20 15:00:00,0.0,901.7,900.7,3783.0,30.8,19.4,51.0,3.0
2018-12-20 16:00:00,0.0,900.8,900.0,1637.0,20.7,17.1,80.0,3.7
2018-12-20 17:00:00,0.2,900.6,899.4,1289.0,24.6,19.2,72.0,1.4
2018-12-20 18:00:00,0.0,899.9,898.7,2274.0,26.2,21.2,74.0,1.6
2018-12-20 19:00:00,0.0,900.1,898.6,575.0,22.2,20.3,89.0,3.2
2018-12-20 20:00:00,0.2,899.9,899.0,208.0,21.4,19.3,88.0,0.8
2018-12-20 21:00:00,0.0,899.3,899.0,404.0,21.8,20.2,91.0,0.6
2018-12-20 22:00:00,0.2,900.5,899.2,77.0,20.9,18.4,86.0,1.5
2018-12-20 23:00:00,0.0,900.9,900.4,77.0,19.7,18.8,94.0,1.1
2018-12-21 00:00:00,0.2,901.3,900.7,77.0,19.2,18.3,95.0,0.8
2018-12-21 01:00:00,0.0,902.0,901.3,77.0,19.3,18.4,94.0,1.0
2018-12-21 02:00:00,0.0,902.5,901.9,77.0,19.1,18.1,94.0,0.6
2018-12-21 03:00:00,0.0,902.3,901.5,77.0,18.2,17.3,95.0,0.0
2018-12-21 04:00:00,0.0,901.5,900.4,77.0,16.9,16.3,96.0,0.0
2018-12-21 05:00:00,0.0,900.6,900.3,77.0,16.4,15.8,97.0,0.0
2018-12-21 06:00:00,0.0,900.5,900.1,77.0,16.8,16.2,97.0,0.0
2018-12-21 07:00:00,0.0,900.1,899.9,77.0,16.6,16.1,97.0,0.0
2018-12-21 08:00:00,0.0,900.1,899.7,77.0,17.6,17.1,97.0,0.9
2018-12-21 09:00:00,0.0,900.1,899.6,19.0,17.9,17.4,97.0,0.0
2018-12-21 10:00:00,0.0,900.4,900.1,227.0,18.8,18.2,96.0,0.0
2018-12-21 11:00:00,0.0,900.7,900.3,1055.0,20.1,17.9,87.0,0.1
2018-12-21 12:00:00,0.0,900.6,899.9,2175.0,24.4,19.4,74.0,1.7
2018-12-21 13:00:00,0.0,900.0,899.9,2792.0,27.0,21.2,71.0,2.5
2018-12-21 14:00:00,0.0,900.0,899.3,3054.0,28.4,20.8,64.0,2.6
2018-12-21 15:00:00,0.0,899.3,897.9,2945.0,29.3,19.8,57.0,5.8
2018-12-21 16:00:00,0.0,897.9,897.2,3243.0,31.1,19.2,49.0,6.6
2018-12-21 17:00:00,0.6,898.5,897.5,1180.0,23.9,20.1,79.0,2.1
2018-12-21 18:00:00,0.0,899.7,898.5,1503.0,23.1,17.8,72.0,3.9
2018-12-21 19:00:00,0.0,900.4,899.6,1028.0,21.0,17.0,78.0,2.3
2018-12-21 20:00:00,0.0,900.3,899.4,436.0,20.2,16.7,80.0,0.6
2018-12-21 21:00:00,0.0,899.4,898.5,280.0,19.6,17.2,86.0,0.5
2018-12-21 22:00:00,0.0,898.8,898.3,221.0,19.2,16.9,86.0,0.2
2018-12-21 23:00:00,0.0,899.5,898.8,28.0,18.4,16.6,89.0,0.9
2018-12-22 00:00:00,0.0,899.7,899.5,28.0,17.1,16.1,94.0,0.0
2018-12-22 01:00:00,0.0,900.5,899.6,28.0,16.6,15.9,96.0,0.0
2018-12-22 02:00:00,0.0,900.9,900.5,28.0,15.5,14.8,96.0,0.0
2018-12-22 03:00:00,0.0,900.8,900.5,28.0,14.6,14.0,97.0,0.0
2018-12-22 04:00:00,0.0,900.5,900.1,28.0,14.1,13.6,97.0,0.0
2018-12-22 05:00:00,0.0,900.2,899.9,28.0,14.8,14.3,97.0,0.0
2018-12-22 06:00:00,0.2,899.9,899.3,28.0,14.5,14.0,97.0,0.0
2018-12-22 07:00:00,0.0,899.4,899.3,28.0,13.8,13.3,97.0,0.0
2018-12-22 08:00:00,0.0,899.7,899.4,28.0,14.3,13.8,97.0,0.0
2018-12-22 09:00:00,0.0,900.5,899.7,16.0,14.2,13.8,97.0,0.1
2018-12-22 10:00:00,0.0,900.7,900.5,450.0,16.1,15.7,97.0,0.0
2018-12-22 11:00:00,0.0,901.0,900.7,1341.0,21.7,18.4,82.0,0.3
2018-12-22 12:00:00,0.0,901.0,900.9,2038.0,24.2,17.8,68.0,4.3
2018-12-22 13:00:00,0.0,901.3,900.9,2077.0,24.7,18.0,66.0,5.2
2018-12-22 14:00:00,0.0,901.6,901.2,1736.0,25.3,19.4,70.0,4.6
2018-12-22 15:00:00,0.0,901.6,901.2,2354.0,25.4,18.6,66.0,5.0
2018-12-22 16:00:00,0.0,901.2,900.7,1755.0,25.8,19.3,67.0,3.2
2018-12-22 17:00:00,0.0,900.7,900.4,2197.0,26.4,17.8,59.0,3.4
2018-12-22 18:00:00,0.0,900.4,899.6,1612.0,27.0,19.1,62.0,3.1
2018-12-22 19:00:00,0.0,899.7,899.1,1652.0,25.8,17.9,62.0,3.9
2018-12-22 20:00:00,0.0,899.3,899.1,1255.0,25.4,17.7,62.0,3.2
2018-12-22 21:00:00,0.0,899.5,899.1,424.0,24.0,18.6,72.0,2.3
2018-12-22 22:00:00,0.0,899.2,899.0,249.0,22.1,17.6,76.0,2.1
2018-12-22 23:00:00,0.0,900.1,899.1,1.0,20.6,17.8,84.0,1.1
2018-12-23 00:00:00,0.0,900.5,900.1,1.0,19.4,17.9,91.0,0.0
2018-12-23 01:00:00,0.0,901.2,900.5,1.0,18.0,17.1,94.0,0.3
2018-12-23 02:00:00,0.0,901.8,901.2,1.0,17.6,16.9,96.0,0.4
2018-12-23 03:00:00,0.0,901.5,901.2,1.0,17.3,16.7,96.0,0.0
2018-12-23 04:00:00,0.0,901.2,900.6,1.0,17.1,16.5,96.0,0.2
2018-12-23 05:00:00,0.0,900.7,900.5,1.0,16.7,16.2,96.0,0.2
2018-12-23 06:00:00,0.0,900.5,899.8,1.0,17.1,16.6,97.0,0.0
2018-12-23 07:00:00,0.0,900.1,899.8,1.0,17.5,16.9,96.0,0.0
2018-12-23 08:00:00,0.0,900.7,900.1,1.0,17.8,17.2,96.0,0.0
2018-12-23 09:00:00,0.0,901.3,900.7,6.0,17.8,17.1,96.0,0.0
2018-12-23 10:00:00,0.0,901.6,901.2,117.0,18.4,17.7,96.0,0.0
2018-12-23 11:00:00,0.0,902.1,901.6,379.0,19.4,17.9,91.0,0.3
2018-12-23 12:00:00,0.0,902.4,902.1,576.0,21.1,18.7,86.0,0.0
2018-12-23 13:00:00,0.0,902.5,902.3,1471.0,24.6,18.1,67.0,0.4
2018-12-23 14:00:00,0.0,902.6,902.3,2028.0,25.1,18.2,66.0,1.2
2018-12-23 15:00:00,0.0,902.4,901.8,2460.0,27.8,17.9,55.0,1.5
2018-12-23 16:00:00,0.0,901.8,901.1,3673.0,29.2,15.5,43.0,2.9
2018-12-23 17:00:00,0.0,901.1,900.5,3628.0,29.7,15.5,42.0,3.5
2018-12-23 18:00:00,0.0,900.5,900.0,2963.0,31.4,15.7,39.0,2.6
2018-12-23 19:00:00,0.0,900.1,899.3,2862.0,30.1,13.8,37.0,2.0
2018-12-23 20:00:00,0.0,899.4,899.2,2152.0,30.2,14.9,39.0,2.2
2018-12-23 21:00:00,0.0,899.4,899.2,1030.0,26.9,17.9,58.0,2.9
2018-12-23 22:00:00,0.0,900.0,899.4,243.0,24.6,18.0,67.0,1.2
2018-12-23 23:00:00,0.0,900.2,900.0,16.0,22.0,17.8,77.0,0.8
2018-12-24 00:00:00,0.0,900.5,900.2,16.0,19.4,17.2,87.0,0.2
2018-12-24 01:00:00,0.0,901.2,900.5,16.0,18.2,16.9,92.0,0.0
2018-12-24 02:00:00,0.0,901.9,901.2,16.0,17.5,16.6,94.0,0.3
2018-12-24 03:00:00,0.0,902.0,901.8,16.0,19.4,18.6,95.0,1.2
2018-12-24 04:00:00,0.0,901.9,901.5,16.0,20.0,18.2,90.0,1.3
2018-12-24 05:00:00,0.0,901.6,901.3,16.0,20.0,18.1,89.0,1.7
2018-12-24 06:00:00,0.0,901.3,901.0,16.0,19.7,17.9,90.0,1.2
2018-12-24 07:00:00,0.0,901.4,901.2,16.0,19.3,17.9,92.0,0.6
2018-12-24 08:00:00,0.0,901.7,901.3,16.0,18.5,17.0,91.0,1.1
2018-12-24 09:00:00,0.0,902.2,901.7,5.0,18.1,16.7,92.0,0.7
2018-12-24 10:00:00,0.0,903.1,902.2,56.0,18.1,16.6,91.0,0.8
2018-12-24 11:00:00,0.0,903.4,903.0,310.0,19.3,17.2,88.0,0.2
2018-12-24 12:00:00,0.0,903.6,903.4,925.0,21.8,17.9,79.0,0.3
2018-12-24 13:00:00,0.0,904.0,903.6,1074.0,21.8,18.0,79.0,1.1
2018-12-24 14:00:00,0.0,904.1,903.9,1028.0,22.5,18.6,79.0,1.0
2018-12-24 15:00:00,0.0,904.0,903.6,1199.0,23.1,18.2,74.0,0.8
2018-12-24 16:00:00,0.0,903.7,902.6,2466.0,26.1,19.0,65.0,1.3
2018-12-24 17:00:00,0.0,902.6,901.5,2462.0,26.3,18.4,62.0,1.9
2018-12-24 18:00:00,0.0,901.8,901.2,639.0,24.0,18.9,73.0,1.7
2018-12-24 19:00:00,2.6,901.8,901.0,172.0,17.5,16.0,91.0,0.0
2018-12-24 20:00:00,0.4,901.8,900.7,161.0,17.9,16.8,93.0,0.2
2018-12-24 21:00:00,0.0,901.5,900.5,382.0,18.4,17.5,95.0,0.2
2018-12-24 22:00:00,0.0,901.6,900.7,141.0,17.8,16.9,95.0,0.0
2018-12-24 23:00:00,0.0,901.5,901.2,2.0,17.2,16.6,96.0,0.0
2018-12-25 00:00:00,0.0,901.7,901.4,2.0,17.1,16.5,96.0,0.0
2018-12-25 01:00:00,0.0,902.1,901.6,2.0,17.3,16.7,97.0,0.0
2018-12-25 02:00:00,0.0,903.0,902.0,2.0,18.9,18.2,96.0,2.1
2018-12-25 03:00:00,0.0,903.0,902.7,2.0,18.7,17.6,93.0,1.6
2018-12-25 04:00:00,0.0,902.8,902.4,2.0,18.5,17.3,93.0,1.0
2018-12-25 05:00:00,0.0,902.4,901.9,2.0,18.1,17.1,94.0,1.3
2018-12-25 06:00:00,0.0,901.9,901.6,2.0,18.0,16.9,94.0,0.5
2018-12-25 07:00:00,0.2,902.0,901.7,2.0,17.7,17.0,96.0,0.0
2018-12-25 08:00:00,0.4,902.2,901.8,2.0,17.3,16.6,96.0,0.1
2018-12-25 09:00:00,0.0,902.7,902.2,13.0,17.3,16.7,96.0,0.0
2018-12-25 10:00:00,0.2,903.3,902.7,167.0,17.6,17.0,96.0,0.3
2018-12-25 11:00:00,0.0,903.6,903.3,348.0,18.1,17.4,96.0,0.2
2018-12-25 12:00:00,0.0,903.9,903.6,744.0,19.7,18.4,92.0,0.8
2018-12-25 13:00:00,0.0,904.4,903.9,1002.0,20.3,17.6,84.0,0.9
2018-12-25 14:00:00,0.0,904.3,904.2,1298.0,22.2,18.4,79.0,1.0
2018-12-25 15:00:00,0.0,904.2,904.1,1253.0,21.7,18.1,80.0,0.5
2018-12-25 16:00:00,0.0,904.1,904.0,970.0,22.4,18.0,76.0,0.2
2018-12-25 17:00:00,0.0,904.0,903.3,2085.0,24.0,17.7,68.0,0.9
2018-12-25 18:00:00,0.0,903.3,902.3,1846.0,23.6,19.0,75.0,1.9
2018-12-25 19:00:00,0.0,902.3,901.0,2068.0,26.0,18.9,65.0,0.9
2018-12-25 20:00:00,0.0,901.0,900.4,1258.0,25.1,18.7,68.0,0.7
2018-12-25 21:00:00,0.0,900.4,900.1,928.0,24.9,18.4,67.0,0.4
2018-12-25 22:00:00,0.0,900.8,900.2,432.0,22.0,17.8,77.0,0.0
2018-12-25 23:00:00,0.0,901.3,900.8,10.0,18.7,17.4,92.0,0.0
2018-12-26 00:00:00,0.0,901.9,901.3,10.0,17.8,16.9,95.0,0.0
2018-12-26 01:00:00,0.0,902.7,901.9,10.0,17.3,16.6,96.0,0.3
2018-12-26 02:00:00,0.0,903.3,902.6,10.0,19.2,18.1,93.0,2.2
2018-12-26 03:00:00,0.0,903.5,903.3,10.0,18.8,17.2,91.0,1.4
2018-12-26 04:00:00,0.0,903.3,902.9,10.0,18.4,17.2,92.0,0.7
2018-12-26 05:00:00,20.8,904.1,902.5,0.0,16.0,15.4,96.0,0.1
2018-12-26 06:00:00,4.4,902.9,899.3,0.0,16.1,15.6,97.0,2.5
2018-12-26 07:00:00,0.2,901.6,899.0,0.0,15.8,15.1,95.0,0.6
2018-12-26 08:00:00,0.0,901.8,901.3,0.0,15.8,15.1,96.0,0.0
2018-12-26 09:00:00,0.0,902.0,901.8,17.0,14.9,14.3,96.0,0.1
2018-12-26 10:00:00,0.0,902.6,902.0,447.0,16.3,15.4,95.0,0.1
2018-12-26 11:00:00,0.0,902.9,902.6,959.0,18.0,15.3,84.0,0.0
2018-12-26 12:00:00,0.0,902.9,902.8,1973.0,20.5,16.3,77.0,0.0
2018-12-26 13:00:00,0.0,902.8,902.4,2811.0,24.1,17.7,68.0,0.6
2018-12-26 14:00:00,0.0,902.4,902.0,3236.0,25.3,19.4,70.0,0.8
2018-12-26 15:00:00,0.0,902.1,901.6,3933.0,25.9,19.0,66.0,2.1
2018-12-26 16:00:00,0.0,901.6,901.1,2054.0,26.1,19.3,66.0,2.1
2018-12-26 17:00:00,0.6,903.0,901.0,1074.0,17.7,15.1,84.0,2.6
2018-12-26 18:00:00,1.8,902.2,901.2,1255.0,17.8,16.1,90.0,1.7
2018-12-26 19:00:00,0.0,901.2,900.3,2153.0,20.1,17.0,82.0,1.0
2018-12-26 20:00:00,0.2,900.8,900.2,383.0,18.1,16.5,90.0,0.6
2018-12-26 21:00:00,1.4,901.0,900.5,84.0,17.2,16.2,94.0,0.0
2018-12-26 22:00:00,0.0,901.2,900.7,109.0,17.3,16.5,95.0,0.0
2018-12-26 23:00:00,0.0,901.4,901.0,3.0,16.5,15.8,96.0,0.0
2018-12-27 00:00:00,0.0,901.6,900.7,3.0,16.1,15.5,96.0,0.0
2018-12-27 01:00:00,0.2,901.1,900.7,3.0,15.4,14.9,97.0,0.2
2018-12-27 02:00:00,0.0,901.2,900.7,3.0,14.4,13.9,97.0,0.0
2018-12-27 03:00:00,0.0,901.1,900.7,3.0,14.4,13.9,97.0,0.0
2018-12-27 04:00:00,0.0,900.7,900.1,3.0,14.8,14.3,97.0,0.0
2018-12-27 05:00:00,0.0,900.2,899.7,3.0,15.2,14.7,97.0,0.0
2018-12-27 06:00:00,0.0,899.8,899.5,3.0,15.5,15.1,97.0,0.0
2018-12-27 07:00:00,0.0,899.6,899.5,3.0,16.8,16.3,97.0,0.0
2018-12-27 08:00:00,0.0,899.9,899.5,3.0,16.7,16.2,97.0,0.0
2018-12-27 09:00:00,0.0,900.5,899.9,10.0,17.0,16.5,97.0,0.1
2018-12-27 10:00:00,0.0,901.2,900.5,149.0,17.7,17.2,97.0,0.0
2018-12-27 11:00:00,0.0,901.8,901.2,390.0,18.3,17.8,97.0,0.3
2018-12-27 12:00:00,0.0,901.9,901.8,766.0,19.8,17.7,88.0,0.6
2018-12-27 13:00:00,0.0,901.8,901.5,721.0,20.2,18.1,88.0,0.2
2018-12-27 14:00:00,0.0,901.5,901.3,1110.0,21.8,18.6,82.0,0.3
2018-12-27 15:00:00,0.0,901.4,900.8,2003.0,23.8,19.2,75.0,0.4
2018-12-27 16:00:00,0.0,900.9,900.1,2248.0,24.9,19.6,73.0,0.3
2018-12-27 17:00:00,0.0,900.1,898.8,2873.0,25.5,20.0,71.0,1.3
2018-12-27 18:00:00,0.0,898.9,898.0,1327.0,23.8,19.6,77.0,1.3
2018-12-27 19:00:00,17.0,899.8,898.0,100.0,16.4,15.1,92.0,1.6
2018-12-27 20:00:00,0.8,899.2,898.3,376.0,17.9,17.3,96.0,0.0
2018-12-27 21:00:00,0.0,898.9,898.3,919.0,20.9,19.0,89.0,0.1
2018-12-27 22:00:00,0.0,898.9,898.0,430.0,18.6,17.6,94.0,0.3
2018-12-27 23:00:00,0.0,899.5,898.9,14.0,16.8,16.1,96.0,0.0
2018-12-28 00:00:00,0.0,900.4,899.5,14.0,16.5,15.9,96.0,0.0
2018-12-28 01:00:00,0.0,900.9,900.4,14.0,16.0,15.4,97.0,0.0
2018-12-28 02:00:00,0.0,901.5,900.9,14.0,15.9,15.4,97.0,0.0
2018-12-28 03:00:00,0.0,901.2,900.4,14.0,15.2,14.7,97.0,0.0
2018-12-28 04:00:00,0.0,900.6,900.3,14.0,15.9,15.4,97.0,0.0
2018-12-28 05:00:00,0.0,900.5,900.0,1.0,16.7,16.3,97.0,0.0
2018-12-28 06:00:00,0.0,900.1,899.7,1.0,17.4,17.0,97.0,0.0
2018-12-28 07:00:00,0.0,899.9,899.6,1.0,17.5,17.0,97.0,0.0
2018-12-28 08:00:00,0.0,900.1,899.8,1.0,17.6,17.1,97.0,0.0
2018-12-28 09:00:00,0.0,900.1,899.8,12.0,17.7,17.2,97.0,0.0
2018-12-28 10:00:00,0.0,901.1,900.1,138.0,18.3,17.8,97.0,0.0
2018-12-28 11:00:00,0.0,901.6,901.1,452.0,19.3,18.7,97.0,0.3
2018-12-28 12:00:00,0.0,901.5,901.3,958.0,21.0,18.6,86.0,0.1
2018-12-28 13:00:00,0.0,901.3,901.1,1708.0,23.5,18.5,74.0,0.1
2018-12-28 14:00:00,0.0,901.2,900.9,2755.0,26.3,20.6,71.0,1.1
2018-12-28 15:00:00,0.0,901.1,900.3,3510.0,27.3,18.6,59.0,0.9
2018-12-28 16:00:00,0.0,900.3,899.6,2505.0,26.9,19.4,63.0,0.6
2018-12-28 17:00:00,0.0,899.7,899.0,2246.0,27.5,19.9,63.0,1.1
2018-12-28 18:00:00,25.0,899.8,898.9,397.0,19.6,18.7,95.0,1.6
2018-12-28 19:00:00,3.2,899.7,898.3,691.0,21.1,19.9,93.0,1.0
2018-12-28 20:00:00,0.0,898.3,897.9,1480.0,23.5,20.2,82.0,1.7
2018-12-28 21:00:00,0.0,898.0,897.9,601.0,22.7,19.8,84.0,0.7
2018-12-28 22:00:00,0.0,898.2,898.0,200.0,21.4,20.0,92.0,0.0
2018-12-28 23:00:00,0.0,899.0,898.2,6.0,19.5,18.7,95.0,0.1
2018-12-29 00:00:00,0.0,899.6,899.0,6.0,18.8,18.2,96.0,0.0
2018-12-29 01:00:00,0.0,899.7,899.5,6.0,17.9,17.4,96.0,0.0
2018-12-29 02:00:00,0.0,899.9,899.7,6.0,17.2,16.6,97.0,0.0
2018-12-29 03:00:00,0.0,899.9,899.6,6.0,16.7,16.2,97.0,0.0
2018-12-29 04:00:00,0.0,899.6,899.2,6.0,17.3,16.8,97.0,0.7
2018-12-29 05:00:00,0.0,899.3,898.7,6.0,16.4,16.0,97.0,0.0
2018-12-29 06:00:00,0.0,899.0,898.6,6.0,16.2,15.7,97.0,0.0
2018-12-29 07:00:00,0.0,899.7,899.0,6.0,16.0,15.6,97.0,0.0
2018-12-29 08:00:00,0.0,900.1,899.7,6.0,15.6,15.2,97.0,0.0
2018-12-29 09:00:00,0.0,900.5,900.1,25.0,15.7,15.3,97.0,0.0
2018-12-29 10:00:00,0.0,900.7,900.4,352.0,18.8,18.3,97.0,0.0
2018-12-29 11:00:00,0.0,900.7,900.5,1309.0,21.1,20.2,95.0,0.5
2018-12-29 12:00:00,0.0,900.6,900.2,2070.0,23.5,19.1,76.0,0.6
2018-12-29 13:00:00,0.0,900.3,900.0,2887.0,25.4,19.3,69.0,0.9
2018-12-29 14:00:00,0.0,900.1,899.6,3246.0,27.2,19.0,61.0,1.5
2018-12-29 15:00:00,0.2,899.6,899.2,3669.0,28.7,19.7,58.0,2.4
2018-12-29 16:00:00,0.0,899.2,898.9,3585.0,28.8,18.7,54.0,1.6
2018-12-29 17:00:00,0.0,898.9,898.1,4044.0,30.4,16.3,43.0,1.7
2018-12-29 18:00:00,0.0,898.1,897.5,2041.0,29.1,20.3,59.0,0.2
2018-12-29 19:00:00,0.0,897.5,896.7,2258.0,29.3,19.0,54.0,0.4
2018-12-29 20:00:00,0.0,896.7,896.2,1740.0,30.8,16.5,42.0,1.5
2018-12-29 21:00:00,0.0,896.9,896.2,1457.0,29.8,19.4,53.0,1.6
2018-12-29 22:00:00,0.0,897.9,896.8,237.0,25.1,20.3,75.0,0.1
2018-12-29 23:00:00,0.0,899.0,897.9,237.0,23.0,20.4,85.0,0.6
2018-12-30 00:00:00,0.6,899.8,899.0,237.0,21.3,20.0,92.0,1.3
2018-12-30 01:00:00,0.2,900.2,899.8,237.0,20.8,19.9,95.0,0.0
2018-12-30 02:00:00,0.0,900.4,900.2,237.0,20.6,19.9,96.0,0.0
2018-12-30 03:00:00,0.0,900.2,899.7,237.0,20.2,19.6,96.0,0.0
2018-12-30 04:00:00,0.0,899.7,899.0,237.0,20.1,19.5,96.0,0.4
2018-12-30 05:00:00,0.0,899.0,898.4,237.0,20.3,19.7,96.0,0.0
2018-12-30 06:00:00,0.0,898.4,897.9,237.0,20.5,19.9,96.0,1.3
2018-12-30 07:00:00,0.0,898.1,897.9,237.0,20.1,19.2,94.0,0.9
2018-12-30 08:00:00,0.0,898.6,898.1,237.0,19.9,18.9,94.0,1.2
2018-12-30 09:00:00,0.0,899.4,898.5,3.0,19.8,18.9,95.0,0.0
2018-12-30 10:00:00,0.0,900.1,899.3,90.0,20.1,19.2,95.0,0.1
2018-12-30 11:00:00,0.0,900.7,900.1,450.0,21.4,20.2,92.0,0.1
2018-12-30 12:00:00,0.0,901.3,900.6,916.0,22.8,19.5,82.0,0.2
2018-12-30 13:00:00,0.0,901.4,901.1,1816.0,24.8,20.6,78.0,0.2
2018-12-30 14:00:00,0.0,901.2,901.1,2434.0,26.9,21.2,71.0,0.3
2018-12-30 15:00:00,0.0,901.1,900.7,3267.0,29.3,21.4,63.0,1.9
2018-12-30 16:00:00,0.2,900.7,900.1,2695.0,28.8,21.2,64.0,0.3
2018-12-30 17:00:00,0.0,900.2,899.9,1151.0,26.4,21.7,75.0,0.7
2018-12-30 18:00:00,0.0,900.3,899.6,820.0,23.5,18.5,74.0,3.1
2018-12-30 19:00:00,0.0,899.9,899.4,514.0,22.5,19.3,82.0,0.8
2018-12-30 20:00:00,0.0,899.8,899.1,590.0,23.4,19.8,80.0,0.9
2018-12-30 21:00:00,0.0,899.5,898.9,467.0,23.4,20.5,84.0,0.4
2018-12-30 22:00:00,0.0,899.8,898.9,153.0,22.1,20.4,90.0,0.1
2018-12-30 23:00:00,0.0,900.8,899.8,2.0,21.0,20.0,94.0,0.2
2018-12-31 00:00:00,0.0,900.8,900.6,2.0,20.0,19.2,95.0,0.0
2018-12-31 01:00:00,0.0,901.3,900.8,2.0,19.6,19.0,96.0,0.3
2018-12-31 02:00:00,0.0,901.6,901.2,2.0,18.8,18.1,96.0,0.0
2018-12-31 03:00:00,0.0,901.2,900.4,2.0,17.8,17.3,96.0,0.0
2018-12-31 04:00:00,0.0,900.4,899.8,2.0,18.2,17.7,97.0,0.3
2018-12-31 05:00:00,0.0,899.8,899.4,2.0,18.7,18.2,97.0,0.0
2018-12-31 06:00:00,0.0,899.5,899.2,2.0,18.6,18.1,97.0,0.0
2018-12-31 07:00:00,0.0,899.4,899.2,2.0,18.4,17.9,97.0,0.0
2018-12-31 08:00:00,0.0,899.7,899.3,2.0,17.7,17.2,97.0,0.0
2018-12-31 09:00:00,0.0,900.3,899.6,17.0,17.2,16.7,97.0,0.0
2018-12-31 10:00:00,0.0,901.2,900.3,259.0,18.7,18.2,97.0,0.0
2018-12-31 11:00:00,0.0,901.6,901.2,675.0,20.1,19.6,97.0,0.6
2018-12-31 12:00:00,0.0,902.0,901.6,1730.0,23.8,22.0,90.0,0.7
2018-12-31 13:00:00,0.0,902.0,901.8,2731.0,27.4,21.8,72.0,0.7
2018-12-31 14:00:00,0.0,901.8,901.2,3287.0,29.4,22.3,66.0,2.0
2018-12-31 15:00:00,0.0,901.2,900.5,3793.0,31.6,21.0,54.0,0.9
2018-12-31 16:00:00,0.0,900.5,899.9,2304.0,29.9,20.9,59.0,0.5
2018-12-31 17:00:00,10.0,901.3,899.8,693.0,22.4,20.2,88.0,2.7
2018-12-31 18:00:00,1.8,901.1,900.2,221.0,21.0,19.8,93.0,1.8
2018-12-31 19:00:00,0.0,901.1,900.1,486.0,21.8,20.1,90.0,1.0
2018-12-31 20:00:00,0.0,900.5,900.2,552.0,22.3,20.3,88.0,0.2
2018-12-31 21:00:00,0.0,900.9,900.3,419.0,22.7,20.9,90.0,1.1
2018-12-31 22:00:00,0.0,900.8,900.4,175.0,21.7,20.2,91.0,0.0
2018-12-31 23:00:00,0.0,900.6,900.4,3.0,20.3,19.6,95.0,0.0
2018-01-01 00:00:00,0.0,903.2,902.2,3.0,20.5,18.1,86.0,4.5
2018-01-01 01:00:00,0.0,903.9,903.2,3.0,20.0,18.4,90.0,3.8
2018-01-01 02:00:00,0.0,904.3,903.9,3.0,19.6,18.3,92.0,4.0
2018-01-01 03:00:00,0.0,904.6,904.3,3.0,19.3,17.6,90.0,4.4
2018-01-01 04:00:00,0.0,904.4,904.0,3.0,19.1,17.8,92.0,3.5
2018-01-01 05:00:00,0.0,904.0,903.2,3.0,18.9,18.0,94.0,4.6
2018-01-01 06:00:00,0.0,903.3,903.1,3.0,18.9,17.9,94.0,3.9
2018-01-01 07:00:00,0.0,903.1,902.7,3.0,18.6,17.6,94.0,2.3
2018-01-01 08:00:00,0.0,903.2,903.0,3.0,18.5,17.7,95.0,2.9
2018-01-01 09:00:00,0.0,903.3,903.1,14.0,18.2,17.8,97.0,3.1
2018-01-01 10:00:00,0.0,903.4,903.0,215.0,18.8,18.2,96.0,3.5
2018-01-01 11:00:00,0.0,904.0,903.4,567.0,20.0,18.3,90.0,2.9
2018-01-01 12:00:00,0.0,904.7,904.0,691.0,20.3,17.9,86.0,2.3
2018-01-01 13:00:00,0.0,904.9,904.6,1618.0,22.2,19.1,83.0,2.9
2018-01-01 14:00:00,0.0,904.6,904.0,1861.0,23.5,18.4,73.0,1.3
2018-01-01 15:00:00,0.0,904.1,903.2,2283.0,24.1,19.7,76.0,4.0
2018-01-01 16:00:00,0.6,903.6,902.7,2326.0,24.3,17.1,64.0,1.2
2018-01-01 17:00:00,0.0,902.8,902.2,2846.0,26.2,17.7,60.0,3.6
2018-01-01 18:00:00,0.0,902.2,901.4,1623.0,25.6,16.5,57.0,3.5
2018-01-01 19:00:00,0.0,901.4,900.7,866.0,24.4,18.2,69.0,4.3
2018-01-01 20:00:00,0.0,900.7,900.1,501.0,23.6,17.2,67.0,3.8
2018-01-01 21:00:00,0.0,901.3,900.1,237.0,22.9,17.7,73.0,3.0
2018-01-01 22:00:00,0.0,902.2,901.2,53.0,21.6,17.9,80.0,3.8
2018-01-01 23:00:00,0.0,902.4,902.1,0.0,20.5,17.1,81.0,1.8
2018-01-02 00:00:00,0.0,902.2,901.9,0.0,19.5,17.5,88.0,0.8
2018-01-02 01:00:00,0.0,902.7,902.1,0.0,19.6,17.3,87.0,1.9
2018-01-02 02:00:00,0.0,903.0,902.6,0.0,18.8,17.4,91.0,0.9
2018-01-02 03:00:00,0.0,902.6,902.2,0.0,18.7,17.4,92.0,0.9
2018-01-02 04:00:00,0.0,902.2,901.4,0.0,18.3,17.6,95.0,2.3
2018-01-02 05:00:00,0.0,901.4,900.4,0.0,18.0,17.5,97.0,3.1
2018-01-02 06:00:00,0.0,900.4,899.8,0.0,18.0,17.6,97.0,2.4
2018-01-02 07:00:00,0.0,899.8,898.7,0.0,17.6,17.2,97.0,2.6
2018-01-02 08:00:00,0.0,898.8,898.6,0.0,17.3,17.0,98.0,0.6
2018-01-02 09:00:00,0.0,898.9,898.7,18.0,17.4,17.0,98.0,1.2
2018-01-02 10:00:00,0.2,899.3,898.8,283.0,18.1,17.7,98.0,1.0
2018-01-02 11:00:00,0.0,899.4,899.2,614.0,19.1,17.1,88.0,1.7
2018-01-02 12:00:00,0.0,899.4,898.9,1278.0,20.3,16.9,81.0,3.2
2018-01-02 13:00:00,0.0,899.0,898.9,1010.0,20.6,16.9,79.0,4.1
2018-01-02 14:00:00,0.0,899.1,898.9,1040.0,20.4,17.4,83.0,3.8
2018-01-02 15:00:00,0.0,899.1,898.6,2044.0,21.7,17.6,78.0,5.1
2018-01-02 16:00:00,0.2,898.7,898.3,1493.0,22.6,18.1,76.0,5.0
2018-01-02 17:00:00,0.0,898.4,897.8,2159.0,23.3,17.5,70.0,4.6
2018-01-02 18:00:00,0.0,897.8,897.1,2000.0,23.4,17.6,70.0,7.2
2018-01-02 19:00:00,0.0,897.3,896.7,1316.0,22.3,18.0,77.0,4.6
2018-01-02 20:00:00,1.0,897.2,896.7,706.0,19.7,17.9,89.0,7.7
2018-01-02 21:00:00,1.0,897.5,897.2,298.0,19.7,18.5,93.0,4.1
2018-01-02 22:00:00,0.0,897.9,897.5,110.0,19.5,18.2,92.0,3.0
2018-01-02 23:00:00,0.2,898.3,897.8,13.0,19.1,18.3,95.0,3.1
2018-01-03 00:00:00,4.2,898.8,898.3,13.0,18.8,18.0,95.0,1.9
2018-01-03 01:00:00,0.2,899.2,898.7,13.0,18.7,17.6,93.0,2.8
2018-01-03 02:00:00,0.0,899.2,898.9,13.0,18.2,17.0,93.0,2.4
2018-01-03 03:00:00,0.0,899.3,899.0,13.0,17.6,16.6,94.0,2.5
2018-01-03 04:00:00,0.0,899.2,899.0,13.0,17.3,16.3,94.0,2.3
2018-01-03 05:00:00,0.0,899.1,899.0,13.0,17.4,16.6,95.0,0.8
2018-01-03 06:00:00,0.0,899.1,898.8,13.0,16.8,15.9,95.0,1.6
2018-01-03 07:00:00,0.0,899.1,898.8,13.0,16.6,15.8,95.0,3.0
2018-01-03 08:00:00,0.0,899.9,899.1,13.0,16.0,15.3,95.0,2.5
2018-01-03 09:00:00,0.0,901.0,899.9,46.0,15.5,14.8,96.0,1.7
2018-01-03 10:00:00,0.0,901.8,901.0,644.0,15.7,14.6,93.0,3.7
2018-01-03 11:00:00,0.0,902.7,901.8,1404.0,17.2,14.5,84.0,4.9
2018-01-03 12:00:00,0.0,903.0,902.7,2226.0,19.3,15.2,77.0,4.3
2018-01-03 13:00:00,0.0,902.9,902.8,2798.0,20.2,12.3,60.0,4.9
2018-01-03 14:00:00,0.0,903.0,902.8,3800.0,21.7,11.7,53.0,3.8
2018-01-03 15:00:00,0.0,902.9,902.7,3984.0,21.8,9.6,46.0,3.9
2018-01-03 16:00:00,0.0,902.8,902.6,3935.0,23.4,10.5,44.0,5.2
2018-01-03 17:00:00,0.0,902.8,902.6,3529.0,24.0,9.9,41.0,4.8
2018-01-03 18:00:00,0.0,902.7,902.3,2951.0,23.6,9.8,41.0,5.8
2018-01-03 19:00:00,0.0,902.4,902.1,2592.0,23.6,8.8,39.0,5.4
2018-01-03 20:00:00,0.0,902.3,902.1,1921.0,23.2,9.6,42.0,5.5
2018-01-03 21:00:00,0.0,902.7,902.2,1224.0,23.4,10.3,44.0,3.9
2018-01-03 22:00:00,0.0,903.1,902.7,301.0,21.7,10.9,50.0,3.1
2018-01-03 23:00:00,0.0,903.6,903.1,12.0,19.9,11.8,60.0,2.8
2018-01-04 00:00:00,0.0,904.4,903.6,12.0,19.0,12.3,65.0,2.3
2018-01-04 01:00:00,0.0,905.1,904.4,12.0,18.5,12.4,68.0,1.1
2018-01-04 02:00:00,0.0,905.6,905.1,12.0,17.1,13.1,78.0,1.5
2018-01-04 03:00:00,0.0,905.8,905.6,12.0,16.2,12.7,80.0,1.3
2018-01-04 04:00:00,0.0,905.7,905.5,12.0,15.0,13.0,87.0,0.6
2018-01-04 05:00:00,0.0,905.6,905.4,12.0,14.1,12.5,90.0,0.7
2018-01-04 06:00:00,0.0,905.7,905.4,12.0,14.3,13.0,91.0,2.1
2018-01-04 07:00:00,0.0,905.9,905.7,12.0,14.8,14.2,96.0,1.6
2018-01-04 08:00:00,0.0,906.2,905.9,12.0,14.7,14.0,96.0,2.2
2018-01-04 09:00:00,0.0,906.8,906.2,41.0,14.5,13.9,96.0,2.2
2018-01-04 10:00:00,0.0,907.4,906.8,618.0,16.3,14.5,89.0,2.6
2018-01-04 11:00:00,0.0,908.1,907.4,568.0,16.6,14.3,86.0,3.8
2018-01-04 12:00:00,0.0,908.4,908.1,1550.0,17.8,14.8,83.0,2.9
2018-01-04 13:00:00,0.0,908.5,908.3,2631.0,20.5,15.2,72.0,2.3
2018-01-04 14:00:00,0.0,908.3,908.2,2857.0,21.9,13.9,61.0,2.5
2018-01-04 15:00:00,0.0,908.2,907.9,2419.0,22.4,13.1,56.0,1.7
2018-01-04 16:00:00,0.0,907.9,907.4,2581.0,24.6,13.1,49.0,2.4
2018-01-04 17:00:00,0.0,907.4,906.9,2943.0,24.8,13.6,50.0,1.8
2018-01-04 18:00:00,0.0,906.9,906.6,2261.0,24.6,11.9,45.0,1.6
2018-01-04 19:00:00,0.0,906.6,906.2,2026.0,25.1,13.3,48.0,3.0
2018-01-04 20:00:00,0.0,906.2,905.8,750.0,24.8,13.0,48.0,2.5
2018-01-04 21:00:00,0.0,905.8,905.6,581.0,23.8,14.1,55.0,3.4
2018-01-04 22:00:00,0.0,906.1,905.7,169.0,22.3,14.9,63.0,2.4
2018-01-04 23:00:00,0.0,906.3,906.1,17.0,21.1,15.0,68.0,3.0
2018-01-05 00:00:00,0.0,906.9,906.3,17.0,19.9,15.3,75.0,1.3
2018-01-05 01:00:00,0.0,907.7,906.9,17.0,18.8,15.4,80.0,4.2
2018-01-05 02:00:00,0.0,908.1,907.7,17.0,17.6,15.0,85.0,3.2
2018-01-05 03:00:00,0.0,908.1,907.8,17.0,17.4,14.4,83.0,3.6
2018-01-05 04:00:00,0.0,907.9,907.4,17.0,16.8,13.0,78.0,4.1
2018-01-05 05:00:00,0.0,907.5,907.1,17.0,16.3,12.1,76.0,3.0
2018-01-05 06:00:00,0.0,907.1,906.7,17.0,15.4,11.6,78.0,4.2
2018-01-05 07:00:00,0.0,906.8,906.6,17.0,14.7,11.3,80.0,3.6
2018-01-05 08:00:00,0.0,906.7,906.6,17.0,14.9,11.3,79.0,3.7
2018-01-05 09:00:00,0.0,907.3,906.7,46.0,14.1,11.9,87.0,3.0
2018-01-05 10:00:00,0.0,907.8,907.3,660.0,16.3,13.7,85.0,4.7
2018-01-05 11:00:00,0.0,908.0,907.8,1549.0,18.4,14.7,79.0,5.0
2018-01-05 12:00:00,0.0,908.4,908.0,2399.0,20.5,15.2,72.0,3.0
2018-01-05 13:00:00,0.0,908.8,908.4,3047.0,22.0,15.6,67.0,2.8
2018-01-05 14:00:00,0.0,908.8,908.4,3565.0,23.7,16.2,63.0,3.9
2018-01-05 15:00:00,0.0,908.4,907.7,4023.0,25.6,15.2,52.0,4.0
2018-01-05 16:00:00,0.0,907.8,907.2,3019.0,26.3,16.0,53.0,2.9
2018-01-05 17:00:00,0.0,907.2,906.8,3555.0,26.9,13.6,44.0,3.1
2018-01-05 18:00:00,0.0,906.8,906.2,3324.0,27.0,12.3,40.0,3.7
2018-01-05 19:00:00,0.0,906.3,905.6,2234.0,27.1,13.7,44.0,3.4
2018-01-05 20:00:00,0.0,905.6,905.0,2024.0,28.2,12.4,38.0,1.3
2018-01-05 21:00:00,0.0,905.1,904.8,1260.0,26.8,15.1,49.0,3.3
2018-01-05 22:00:00,0.0,905.1,904.8,379.0,24.5,16.1,60.0,2.6
2018-01-05 23:00:00,0.0,905.6,905.1,10.0,22.8,16.8,69.0,2.3
2018-01-06 00:00:00,0.0,906.1,905.6,10.0,21.7,16.6,73.0,1.7
2018-01-06 01:00:00,0.0,906.7,906.1,10.0,20.9,16.6,76.0,1.5
2018-01-06 02:00:00,0.0,907.2,906.7,10.0,19.6,16.9,84.0,3.8
2018-01-06 03:00:00,0.0,907.2,907.0,10.0,18.6,17.4,93.0,3.1
2018-01-06 04:00:00,0.0,907.0,906.6,10.0,18.5,17.4,93.0,2.4
2018-01-06 05:00:00,0.0,906.6,906.4,10.0,18.4,17.4,94.0,2.7
2018-01-06 06:00:00,0.0,906.4,906.3,10.0,18.4,17.2,93.0,2.2
2018-01-06 07:00:00,0.0,906.5,906.2,10.0,18.4,17.3,93.0,2.3
2018-01-06 08:00:00,0.0,906.8,906.3,10.0,18.1,17.2,94.0,1.8
2018-01-06 09:00:00,0.0,907.3,906.8,19.0,17.8,17.0,95.0,1.6
2018-01-06 10:00:00,0.0,907.8,907.3,324.0,18.7,17.3,92.0,1.6
2018-01-06 11:00:00,0.0,907.7,907.5,1356.0,21.4,17.6,79.0,1.5
2018-01-06 12:00:00,0.0,907.6,907.4,2056.0,23.2,18.2,74.0,1.2
2018-01-06 13:00:00,0.0,907.6,906.9,2865.0,25.1,18.3,66.0,1.2
2018-01-06 14:00:00,0.0,907.0,906.3,2856.0,25.6,16.8,58.0,1.4
2018-01-06 15:00:00,0.0,906.3,905.5,2680.0,25.8,14.7,51.0,3.7
2018-01-06 16:00:00,3.2,906.6,905.8,714.0,19.6,17.5,87.0,3.9
2018-01-06 17:00:00,0.0,907.1,906.2,1584.0,22.1,18.1,78.0,3.1
2018-01-06 18:00:00,0.0,906.6,906.1,1460.0,22.5,17.8,75.0,3.6
2018-01-06 19:00:00,0.0,906.6,905.9,1538.0,23.6,17.5,69.0,3.4
2018-01-06 20:00:00,0.0,906.0,905.0,1816.0,23.7,15.7,61.0,4.0
2018-01-06 21:00:00,0.0,905.5,905.1,1032.0,23.1,15.9,64.0,1.9
2018-01-06 22:00:00,0.0,906.1,905.4,267.0,22.3,15.1,64.0,1.8
2018-01-06 23:00:00,0.0,906.4,906.0,16.0,21.0,15.9,73.0,1.8
2018-01-07 00:00:00,0.0,907.4,906.4,16.0,19.5,17.5,88.0,1.6
2018-01-07 01:00:00,0.0,908.2,907.4,16.0,19.1,16.9,87.0,2.6
2018-01-07 02:00:00,0.0,908.8,908.2,16.0,18.9,16.1,84.0,2.3
2018-01-07 03:00:00,0.0,908.9,908.8,16.0,18.0,15.2,84.0,2.7
2018-01-07 04:00:00,0.0,909.0,908.7,16.0,17.4,15.1,86.0,2.6
2018-01-07 05:00:00,0.0,908.7,908.3,16.0,17.2,15.2,88.0,2.0
2018-01-07 06:00:00,0.0,908.3,908.1,16.0,17.0,15.1,88.0,0.9
2018-01-07 07:00:00,0.0,908.2,907.8,16.0,16.9,14.8,87.0,1.0
2018-01-07 08:00:00,0.0,908.2,907.8,16.0,15.9,13.3,85.0,1.7
2018-01-07 09:00:00,0.0,909.1,908.2,10.0,16.0,13.9,87.0,1.2
2018-01-07 10:00:00,0.0,909.5,909.1,262.0,16.6,13.6,82.0,1.5
2018-01-07 11:00:00,0.0,910.0,909.4,885.0,17.7,13.9,78.0,1.0
2018-01-07 12:00:00,0.0,910.2,910.0,1049.0,18.3,14.9,80.0,2.7
2018-01-07 13:00:00,0.0,910.5,910.1,1077.0,19.0,14.9,77.0,2.4
2018-01-07 14:00:00,0.0,910.7,910.5,936.0,19.7,15.2,75.0,3.7
2018-01-07 15:00:00,0.0,910.5,910.4,1713.0,19.7,15.6,77.0,3.6
2018-01-07 16:00:00,0.0,910.4,910.1,1443.0,20.1,15.3,74.0,3.8
2018-01-07 17:00:00,0.0,910.1,909.6,2856.0,22.8,15.9,65.0,3.5
2018-01-07 18:00:00,0.0,909.6,909.2,3457.0,22.7,15.9,65.0,4.6
2018-01-07 19:00:00,0.0,909.3,908.9,3003.0,23.4,15.8,62.0,4.1
2018-01-07 20:00:00,0.0,909.0,908.4,1933.0,22.8,15.3,63.0,4.9
2018-01-07 21:00:00,0.0,908.5,908.2,1200.0,21.9,15.0,65.0,3.9
2018-01-07 22:00:00,0.0,909.3,908.5,379.0,19.9,15.4,76.0,4.6
2018-01-07 23:00:00,0.0,910.0,909.3,8.0,18.4,15.9,85.0,4.1
2018-01-08 00:00:00,0.0,910.7,910.0,8.0,17.3,15.1,87.0,7.4
2018-01-08 01:00:00,0.0,911.3,910.7,8.0,16.8,14.7,87.0,6.6
2018-01-08 02:00:00,0.0,911.5,911.3,0.0,16.3,14.7,90.0,6.6
2018-01-08 03:00:00,0.0,911.4,911.3,0.0,16.0,14.5,91.0,4.9
2018-01-08 04:00:00,0.0,911.3,910.9,0.0,15.8,14.5,92.0,5.4
2018-01-08 05:00:00,0.0,910.9,910.5,0.0,15.6,14.3,92.0,4.7
2018-01-08 06:00:00,0.0,910.7,910.6,0.0,15.6,14.1,91.0,4.3
2018-01-08 07:00:00,0.0,911.0,910.7,0.0,15.5,14.0,90.0,3.1
2018-01-08 08:00:00,0.0,911.5,911.0,0.0,15.5,14.0,91.0,3.5
2018-01-08 09:00:00,0.0,911.9,911.5,15.0,15.4,13.8,90.0,3.4
2018-01-08 10:00:00,0.0,912.5,911.9,209.0,15.9,13.7,87.0,3.7
2018-01-08 11:00:00,0.0,912.7,912.5,733.0,16.9,13.7,81.0,3.5
2018-01-08 12:00:00,0.0,913.0,912.7,752.0,17.3,13.6,79.0,3.1
2018-01-08 13:00:00,0.0,913.1,912.9,1364.0,18.7,13.7,73.0,3.9
2018-01-08 14:00:00,0.0,913.1,912.8,2414.0,19.9,14.0,69.0,3.4
2018-01-08 15:00:00,0.0,912.8,912.5,3487.0,21.1,16.1,73.0,3.4
2018-01-08 16:00:00,0.0,912.5,912.1,3911.0,22.0,14.8,64.0,3.4
2018-01-08 17:00:00,0.0,912.1,911.5,3419.0,22.7,14.7,61.0,2.8
2018-01-08 18:00:00,0.0,911.5,911.0,3269.0,23.3,15.0,60.0,3.1
2018-01-08 19:00:00,0.0,911.0,910.4,2773.0,24.3,15.8,59.0,3.4
2018-01-08 20:00:00,0.0,910.4,910.0,1335.0,22.5,15.1,63.0,5.1
2018-01-08 21:00:00,0.0,910.2,910.0,1062.0,21.8,14.9,65.0,5.6
2018-01-08 22:00:00,0.0,910.9,910.2,261.0,19.4,15.2,77.0,8.3
2018-01-08 23:00:00,0.0,911.8,910.9,1.0,18.0,14.6,81.0,7.9
2018-01-09 00:00:00,0.0,912.4,911.8,1.0,17.2,14.2,83.0,5.4
2018-01-09 01:00:00,0.0,913.1,912.4,1.0,16.6,13.1,80.0,5.0
2018-01-09 02:00:00,0.0,913.3,912.9,1.0,16.0,11.6,75.0,6.7
2018-01-09 03:00:00,0.0,913.3,912.9,1.0,14.3,11.4,83.0,3.7
2018-01-09 04:00:00,0.0,912.9,912.4,1.0,13.4,11.3,87.0,2.1
2018-01-09 05:00:00,0.0,912.4,911.8,1.0,13.3,11.2,87.0,0.5
2018-01-09 06:00:00,0.0,911.8,911.4,1.0,12.7,10.4,85.0,3.1
2018-01-09 07:00:00,0.0,911.5,911.4,1.0,11.5,10.2,92.0,0.6
2018-01-09 08:00:00,0.0,911.9,911.5,1.0,12.6,10.6,88.0,1.2
2018-01-09 09:00:00,0.0,912.3,911.9,43.0,11.9,10.5,91.0,0.9
2018-01-09 10:00:00,0.0,912.8,912.3,571.0,14.2,11.6,84.0,1.5
2018-01-09 11:00:00,0.0,913.2,912.8,1401.0,18.1,13.2,73.0,3.6
2018-01-09 12:00:00,0.0,913.5,913.1,2070.0,19.4,13.9,70.0,3.4
2018-01-09 13:00:00,0.0,913.6,913.4,2245.0,21.0,15.0,69.0,5.6
2018-01-09 14:00:00,0.0,913.4,913.3,2205.0,21.5,15.7,70.0,4.7
2018-01-09 15:00:00,0.0,913.4,913.1,2433.0,23.4,17.4,69.0,4.7
2018-01-09 16:00:00,0.0,913.1,912.8,2323.0,23.4,17.1,68.0,4.0
2018-01-09 17:00:00,0.0,912.8,912.1,2323.0,24.1,16.7,63.0,2.5
2018-01-09 18:00:00,0.0,912.1,911.6,1617.0,24.2,16.9,64.0,3.8
2018-01-09 19:00:00,0.0,911.6,911.2,1465.0,24.1,17.4,66.0,4.0
2018-01-09 20:00:00,0.0,911.2,910.9,912.0,23.0,17.5,71.0,6.1
2018-01-09 21:00:00,0.0,911.4,910.9,481.0,20.9,17.0,79.0,2.4
2018-01-09 22:00:00,0.0,911.4,910.9,136.0,20.4,18.1,86.0,5.2
2018-01-09 23:00:00,0.0,912.3,911.3,12.0,18.9,17.5,92.0,3.9
2018-01-10 00:00:00,0.0,912.5,912.2,12.0,18.7,17.1,90.0,5.8
2018-01-10 01:00:00,0.0,912.9,912.4,12.0,18.8,17.1,90.0,4.9
2018-01-10 02:00:00,0.2,913.0,912.6,12.0,18.3,17.3,94.0,4.0
2018-01-10 03:00:00,0.0,912.8,912.2,12.0,18.3,17.4,95.0,3.5
2018-01-10 04:00:00,0.0,912.3,911.9,12.0,18.0,17.3,96.0,4.0
2018-01-10 05:00:00,0.4,911.9,911.3,12.0,17.8,17.2,96.0,4.9
2018-01-10 06:00:00,3.0,911.6,911.4,12.0,17.7,17.2,97.0,3.2
2018-01-10 07:00:00,0.0,911.8,911.4,12.0,17.6,16.8,95.0,4.0
2018-01-10 08:00:00,0.0,912.2,911.7,12.0,17.2,16.5,95.0,3.1
2018-01-10 09:00:00,0.0,912.9,912.2,5.0,17.2,16.5,96.0,1.9
2018-01-10 10:00:00,0.0,913.5,912.9,140.0,17.4,16.7,95.0,3.7
2018-01-10 11:00:00,2.4,913.9,913.5,217.0,17.6,17.1,97.0,1.5
2018-01-10 12:00:00,2.6,914.1,913.8,411.0,17.9,17.3,96.0,1.8
2018-01-10 13:00:00,6.0,914.3,914.0,345.0,17.5,17.0,97.0,3.4
2018-01-10 14:00:00,1.6,914.2,913.9,459.0,17.2,16.6,96.0,6.4
2018-01-10 15:00:00,1.0,914.0,913.6,979.0,17.7,17.1,96.0,4.2
2018-01-10 16:00:00,0.8,913.6,912.9,1099.0,17.8,16.8,94.0,5.5
2018-01-10 17:00:00,0.0,912.9,912.3,1500.0,19.2,17.6,90.0,3.9
2018-01-10 18:00:00,5.2,912.3,911.9,418.0,18.1,17.4,96.0,2.4
2018-01-10 19:00:00,3.8,911.9,911.3,274.0,18.7,18.0,96.0,2.5
2018-01-10 20:00:00,1.6,911.3,910.9,286.0,18.7,18.1,96.0,2.7
2018-01-10 21:00:00,2.6,911.0,910.8,83.0,18.5,18.0,97.0,3.4
2018-01-10 22:00:00,2.2,911.1,910.9,23.0,18.3,17.8,97.0,3.9
2018-01-10 23:00:00,4.4,911.6,911.0,23.0,17.8,17.2,97.0,3.7
2018-01-11 00:00:00,0.0,911.7,911.3,23.0,17.6,17.0,96.0,2.6
2018-01-11 01:00:00,0.0,911.9,911.7,0.0,17.8,17.2,96.0,2.6
2018-01-11 02:00:00,0.0,912.0,911.7,0.0,17.8,17.2,96.0,3.6
2018-01-11 03:00:00,0.0,912.1,911.5,0.0,17.6,17.0,96.0,2.5
2018-01-11 04:00:00,0.0,911.5,911.2,0.0,17.8,17.2,96.0,2.1
2018-01-11 05:00:00,0.0,911.2,910.2,1.0,17.8,17.1,96.0,3.4
2018-01-11 06:00:00,0.0,910.2,910.1,1.0,17.7,17.1,96.0,2.1
2018-01-11 07:00:00,0.0,910.1,909.9,1.0,17.7,17.2,97.0,1.3
2018-01-11 08:00:00,0.0,909.9,909.8,0.0,17.8,17.3,97.0,1.4
2018-01-11 09:00:00,0.0,910.2,909.9,9.0,17.7,17.3,97.0,1.4
2018-01-11 10:00:00,0.0,910.7,910.2,135.0,18.2,17.6,96.0,1.6
2018-01-11 11:00:00,0.2,910.9,910.7,455.0,18.7,17.8,95.0,2.0
2018-01-11 12:00:00,0.0,910.8,910.7,940.0,19.3,17.6,90.0,2.3
2018-01-11 13:00:00,0.2,910.9,910.6,652.0,19.9,17.9,88.0,2.5
2018-01-11 14:00:00,0.0,910.7,910.0,1409.0,20.4,17.9,86.0,3.2
2018-01-11 15:00:00,0.0,910.0,909.1,2935.0,23.4,18.3,73.0,4.6
2018-01-11 16:00:00,0.0,909.1,908.5,2641.0,22.3,18.1,77.0,5.7
2018-01-11 17:00:00,1.0,908.7,908.2,1029.0,19.7,17.9,89.0,5.1
2018-01-11 18:00:00,0.0,908.3,907.5,1228.0,21.5,19.4,88.0,2.1
2018-01-11 19:00:00,0.0,907.6,907.1,660.0,21.2,18.6,85.0,2.4
2018-01-11 20:00:00,0.0,907.1,906.6,1102.0,22.4,20.1,87.0,1.8
2018-01-11 21:00:00,0.0,906.7,906.5,806.0,22.0,19.6,86.0,2.6
2018-01-11 22:00:00,0.2,907.5,906.6,385.0,17.8,14.9,83.0,5.2
2018-01-11 23:00:00,0.0,907.4,906.8,15.0,17.0,15.0,88.0,0.7
2018-01-12 00:00:00,0.0,907.4,906.9,15.0,16.5,15.4,93.0,1.3
2018-01-12 01:00:00,0.0,907.9,907.3,15.0,16.2,15.4,95.0,1.7
2018-01-12 02:00:00,0.0,908.3,907.9,15.0,16.8,16.0,95.0,2.7
2018-01-12 03:00:00,0.0,908.3,907.8,15.0,16.9,16.1,95.0,2.8
2018-01-12 04:00:00,0.0,907.8,907.2,15.0,16.9,16.2,96.0,1.8
2018-01-12 05:00:00,0.0,907.2,906.4,15.0,16.9,16.3,96.0,1.4
2018-01-12 06:00:00,0.0,906.4,905.8,15.0,16.9,16.4,97.0,1.4
2018-01-12 07:00:00,0.0,905.8,905.7,15.0,17.0,16.4,96.0,0.7
2018-01-12 08:00:00,0.0,905.9,905.7,0.0,17.3,16.5,95.0,0.4
2018-01-12 09:00:00,0.0,906.4,905.9,6.0,17.4,16.6,95.0,0.2
2018-01-12 10:00:00,0.0,906.8,906.4,123.0,18.3,17.3,94.0,2.2
2018-01-12 11:00:00,0.0,907.2,906.8,359.0,19.3,17.8,91.0,3.1
2018-01-12 12:00:00,0.0,907.2,906.7,1418.0,21.6,18.4,82.0,2.5
2018-01-12 13:00:00,0.2,906.7,906.3,1751.0,21.6,17.6,78.0,5.1
2018-01-12 14:00:00,0.0,906.4,905.8,2524.0,23.0,18.3,75.0,3.7
2018-01-12 15:00:00,0.6,905.9,905.1,2254.0,24.2,17.9,68.0,3.4
2018-01-12 16:00:00,0.0,905.0,904.5,3024.0,22.9,17.1,70.0,4.2
2018-01-12 17:00:00,6.8,904.7,903.7,1591.0,17.0,15.9,93.0,9.5
2018-01-12 18:00:00,4.6,904.5,903.6,1739.0,23.1,18.0,73.0,2.7
2018-01-12 19:00:00,0.0,903.6,902.9,2215.0,22.5,17.1,72.0,3.1
2018-01-12 20:00:00,0.2,902.9,902.0,1715.0,24.6,16.5,61.0,4.6
2018-01-12 21:00:00,0.0,902.4,901.7,1047.0,21.2,16.0,72.0,3.8
2018-01-12 22:00:00,0.0,903.2,902.3,310.0,19.7,17.0,85.0,2.5
2018-01-12 23:00:00,0.0,903.6,903.0,33.0,18.5,16.9,91.0,1.1
2018-01-13 00:00:00,0.0,904.2,903.5,33.0,17.9,15.7,87.0,3.9
2018-01-13 01:00:00,0.0,904.3,904.0,33.0,16.9,15.4,91.0,2.3
2018-01-13 02:00:00,0.0,904.1,903.6,33.0,16.4,15.6,95.0,2.2
2018-01-13 03:00:00,0.0,903.7,903.2,33.0,16.3,15.8,97.0,2.5
2018-01-13 04:00:00,0.0,903.2,902.9,33.0,16.6,16.2,97.0,2.2
2018-01-13 05:00:00,0.0,903.0,902.8,33.0,16.3,15.9,97.0,2.1
2018-01-13 06:00:00,0.0,903.1,902.9,33.0,16.7,16.3,97.0,3.0
2018-01-13 07:00:00,0.0,903.2,903.0,33.0,16.7,16.3,98.0,1.6
2018-01-13 08:00:00,0.0,903.4,903.1,0.0,16.9,16.5,98.0,1.6
2018-01-13 09:00:00,0.0,903.6,903.4,14.0,16.9,16.6,98.0,0.9
2018-01-13 10:00:00,0.0,904.0,903.6,211.0,17.3,17.0,98.0,1.2
2018-01-13 11:00:00,0.0,904.4,904.0,907.0,19.5,17.3,87.0,1.2
2018-01-13 12:00:00,0.0,904.3,904.1,1768.0,20.6,17.2,81.0,3.6
2018-01-13 13:00:00,0.0,904.4,904.1,1605.0,21.8,17.9,78.0,2.7
2018-01-13 14:00:00,0.0,904.1,903.8,2172.0,23.5,18.0,71.0,3.3
2018-01-13 15:00:00,0.0,903.8,903.2,3076.0,25.4,17.3,61.0,3.5
2018-01-13 16:00:00,0.0,903.2,902.9,3420.0,26.4,18.8,63.0,5.1
2018-01-13 17:00:00,0.0,902.9,901.8,3849.0,26.4,16.9,56.0,3.6
2018-01-13 18:00:00,0.0,901.9,901.3,3401.0,27.5,17.1,53.0,3.2
2018-01-13 19:00:00,0.0,901.4,900.9,2204.0,27.5,16.9,53.0,3.3
2018-01-13 20:00:00,0.0,901.0,900.8,1431.0,25.9,16.7,57.0,3.9
2018-01-13 21:00:00,0.0,901.1,900.8,493.0,22.0,16.5,71.0,6.0
2018-01-13 22:00:00,0.2,902.2,901.1,399.0,21.7,17.4,77.0,6.2
2018-01-13 23:00:00,0.0,903.3,902.2,10.0,20.5,17.3,82.0,5.6
2018-01-14 00:00:00,0.0,904.0,903.2,10.0,19.0,16.1,83.0,2.3
2018-01-14 01:00:00,0.0,904.7,904.0,10.0,18.8,16.3,85.0,0.4
2018-01-14 02:00:00,0.0,904.9,904.6,10.0,18.7,16.4,86.0,1.2
2018-01-14 03:00:00,0.0,904.6,903.9,10.0,18.0,16.3,90.0,0.8
2018-01-14 04:00:00,0.0,904.1,903.8,10.0,17.2,16.2,94.0,2.0
2018-01-14 05:00:00,0.0,903.8,903.3,10.0,17.2,16.3,95.0,1.9
2018-01-14 06:00:00,0.0,903.4,903.2,10.0,17.3,16.6,96.0,1.6
2018-01-14 07:00:00,0.0,903.5,903.3,10.0,16.7,16.3,97.0,1.2
2018-01-14 08:00:00,0.0,903.8,903.5,10.0,16.6,16.2,98.0,1.3
2018-01-14 09:00:00,0.0,904.1,903.8,24.0,16.4,16.0,98.0,0.9
2018-01-14 10:00:00,0.0,904.5,904.1,271.0,17.2,16.9,98.0,1.0
2018-01-14 11:00:00,0.0,905.1,904.5,634.0,18.7,17.4,92.0,1.1
2018-01-14 12:00:00,0.0,905.2,905.0,1818.0,21.1,18.0,82.0,3.0
2018-01-14 13:00:00,0.0,905.2,905.1,1820.0,22.3,18.1,77.0,3.7
2018-01-14 14:00:00,0.0,905.2,905.0,1738.0,22.9,18.6,77.0,3.4
2018-01-14 15:00:00,2.2,905.0,904.5,2058.0,23.9,20.1,80.0,3.5
2018-01-14 16:00:00,0.0,904.5,903.7,2518.0,23.9,18.9,74.0,3.1
2018-01-14 17:00:00,2.4,903.8,903.0,2729.0,25.1,19.3,71.0,3.7
2018-01-14 18:00:00,0.0,903.1,902.2,2266.0,25.0,18.2,66.0,4.4
2018-01-14 19:00:00,0.4,902.2,901.5,1957.0,23.6,19.3,77.0,5.2
2018-01-14 20:00:00,7.4,902.4,901.6,696.0,21.7,19.0,85.0,4.5
2018-01-14 21:00:00,0.0,902.4,902.0,852.0,22.2,19.9,87.0,3.4
2018-01-14 22:00:00,0.8,902.9,902.3,59.0,19.8,18.7,94.0,0.9
2018-01-14 23:00:00,0.0,902.9,902.8,3.0,19.5,18.2,92.0,0.6
2018-01-15 00:00:00,0.2,903.2,902.8,3.0,19.6,19.0,96.0,2.1
2018-01-15 01:00:00,0.0,903.5,903.1,3.0,19.3,18.7,96.0,1.7
2018-01-15 02:00:00,0.0,903.5,903.4,3.0,19.1,18.6,97.0,2.1
2018-01-15 03:00:00,0.0,903.8,903.5,3.0,19.1,18.2,94.0,1.7
2018-01-15 04:00:00,0.0,903.7,903.4,3.0,19.1,18.1,94.0,1.2
2018-01-15 05:00:00,0.0,903.4,903.0,3.0,18.9,18.1,95.0,2.4
2018-01-15 06:00:00,0.2,903.1,902.4,3.0,18.7,18.0,96.0,2.7
2018-01-15 07:00:00,0.0,902.9,902.4,3.0,18.8,17.7,94.0,1.9
2018-01-15 08:00:00,0.0,903.3,902.9,3.0,18.8,17.4,92.0,2.9
2018-01-15 09:00:00,0.0,903.6,903.2,5.0,18.9,17.2,90.0,2.9
2018-01-15 10:00:00,0.0,903.9,903.5,163.0,19.5,17.6,88.0,2.7
2018-01-15 11:00:00,0.0,904.2,903.9,809.0,20.7,18.3,86.0,2.7
2018-01-15 12:00:00,0.0,904.7,904.1,914.0,21.1,18.6,85.0,3.8
2018-01-15 13:00:00,0.0,905.1,904.7,1297.0,22.0,18.9,82.0,3.9
2018-01-15 14:00:00,0.0,905.1,905.0,1519.0,23.7,19.5,77.0,4.6
2018-01-15 15:00:00,2.6,905.2,904.8,1142.0,21.6,19.5,88.0,3.7
2018-01-15 16:00:00,2.8,905.3,904.8,793.0,22.3,19.8,86.0,5.4
2018-01-15 17:00:00,0.0,905.1,904.8,791.0,22.2,20.3,89.0,3.7
2018-01-15 18:00:00,0.0,905.1,904.8,1893.0,23.0,19.4,80.0,4.3
2018-01-15 19:00:00,0.0,905.0,904.4,1576.0,23.5,19.2,77.0,7.5
2018-01-15 20:00:00,0.0,904.5,904.3,636.0,21.4,18.3,83.0,6.1
2018-01-15 21:00:00,0.0,904.7,904.4,412.0,20.4,17.5,84.0,2.6
2018-01-15 22:00:00,0.0,905.1,904.7,189.0,20.1,17.5,85.0,1.4
2018-01-15 23:00:00,0.0,906.1,905.1,14.0,19.4,17.9,91.0,0.8
2018-01-16 00:00:00,0.0,906.7,906.1,14.0,19.8,17.6,87.0,0.2
2018-01-16 01:00:00,0.0,907.2,906.6,14.0,19.2,18.0,93.0,1.2
2018-01-16 02:00:00,0.0,907.3,907.0,14.0,18.9,17.7,93.0,1.3
2018-01-16 03:00:00,0.0,907.3,907.0,14.0,18.6,17.6,94.0,0.9
2018-01-16 04:00:00,0.0,907.0,906.8,14.0,18.6,17.9,95.0,0.6
2018-01-16 05:00:00,0.0,906.9,906.4,14.0,18.0,17.5,97.0,0.5
2018-01-16 06:00:00,0.0,906.5,906.2,14.0,17.8,17.4,97.0,0.5
2018-01-16 07:00:00,0.0,906.5,906.4,14.0,17.3,16.9,98.0,1.3
2018-01-16 08:00:00,0.0,906.9,906.5,14.0,17.0,16.7,98.0,0.6
2018-01-16 09:00:00,0.0,907.5,906.9,17.0,17.1,16.8,98.0,0.6
2018-01-16 10:00:00,0.0,908.1,907.5,173.0,18.1,17.7,98.0,0.5
2018-01-16 11:00:00,0.0,908.8,908.1,533.0,19.4,18.5,95.0,0.9
2018-01-16 12:00:00,0.0,909.2,908.8,633.0,20.5,18.7,89.0,1.1
2018-01-16 13:00:00,0.0,909.3,909.2,1648.0,22.9,19.6,82.0,1.5
2018-01-16 14:00:00,0.0,909.2,908.8,2041.0,24.0,18.8,73.0,1.8
2018-01-16 15:00:00,0.0,908.9,908.6,3291.0,25.6,19.1,67.0,1.4
2018-01-16 16:00:00,0.0,908.6,907.9,3139.0,25.8,18.5,64.0,1.7
2018-01-16 17:00:00,0.0,907.9,907.6,1681.0,25.5,19.1,68.0,2.6
2018-01-16 18:00:00,0.0,907.6,906.7,2359.0,25.9,18.7,64.0,2.9
2018-01-16 19:00:00,0.0,906.8,906.1,685.0,24.7,21.2,81.0,2.9
2018-01-16 20:00:00,0.0,906.1,905.7,1246.0,22.8,19.1,80.0,5.1
2018-01-16 21:00:00,0.2,907.1,905.8,144.0,20.6,18.3,87.0,6.1
2018-01-16 22:00:00,0.6,907.9,906.8,51.0,20.1,18.7,91.0,6.9
2018-01-16 23:00:00,0.0,908.6,907.9,51.0,19.5,18.3,93.0,3.4
2018-01-17 00:00:00,0.4,909.2,908.4,51.0,19.2,18.4,95.0,3.0
2018-01-17 01:00:00,0.8,909.3,908.1,51.0,19.1,18.5,96.0,2.6
2018-01-17 02:00:00,0.0,909.6,908.1,51.0,19.4,18.1,92.0,2.4
2018-01-17 03:00:00,0.0,909.5,909.1,51.0,19.1,17.6,91.0,1.9
2018-01-17 04:00:00,0.0,909.3,908.9,51.0,18.8,17.2,90.0,3.2
2018-01-17 05:00:00,0.0,908.9,908.4,51.0,18.2,17.0,93.0,2.9
2018-01-17 06:00:00,0.0,908.5,907.9,51.0,17.7,16.8,94.0,2.4
2018-01-17 07:00:00,0.0,907.9,907.6,51.0,17.5,17.0,97.0,2.2
2018-01-17 08:00:00,0.0,908.1,907.8,51.0,17.8,17.3,97.0,2.4
2018-01-17 09:00:00,0.0,908.1,907.9,6.0,18.0,17.5,97.0,3.4
2018-01-17 10:00:00,0.0,908.6,908.1,113.0,18.5,18.0,97.0,3.7
2018-01-17 11:00:00,0.0,909.0,908.6,422.0,19.3,18.4,95.0,2.2
2018-01-17 12:00:00,0.0,909.1,908.9,570.0,20.1,17.9,87.0,2.7
2018-01-17 13:00:00,0.0,909.1,908.9,956.0,21.4,18.2,82.0,3.0
2018-01-17 14:00:00,0.0,909.0,908.7,1710.0,23.0,19.5,80.0,2.8
2018-01-17 15:00:00,0.0,908.7,908.4,2615.0,23.6,18.7,74.0,2.3
2018-01-17 16:00:00,0.0,908.4,907.6,2054.0,24.5,18.4,69.0,2.2
2018-01-17 17:00:00,0.0,907.6,906.4,3544.0,25.3,18.4,66.0,1.6
2018-01-17 18:00:00,0.0,906.4,905.6,2090.0,27.1,19.2,62.0,1.5
2018-01-17 19:00:00,0.0,905.6,905.0,2223.0,26.3,18.3,61.0,2.2
2018-01-17 20:00:00,0.0,904.9,904.2,700.0,24.5,19.3,73.0,6.1
2018-01-17 21:00:00,0.0,905.6,904.5,92.0,21.9,19.3,85.0,5.4
2018-01-17 22:00:00,0.8,906.0,905.3,4.0,20.3,19.3,94.0,2.6
2018-01-17 23:00:00,3.4,906.5,905.9,4.0,20.1,19.3,95.0,1.2
2018-01-18 00:00:00,0.8,907.3,906.5,4.0,20.1,19.2,94.0,1.1
2018-01-18 01:00:00,0.2,907.5,907.0,4.0,20.0,19.2,95.0,1.5
2018-01-18 02:00:00,0.0,907.8,907.4,4.0,19.9,19.2,96.0,2.2
2018-01-18 03:00:00,0.0,907.5,906.9,4.0,19.6,19.0,96.0,2.1
2018-01-18 04:00:00,0.0,906.9,906.5,4.0,19.6,18.9,96.0,3.3
2018-01-18 05:00:00,0.0,906.7,906.4,4.0,19.5,18.7,95.0,2.2
2018-01-18 06:00:00,0.0,906.4,905.7,4.0,19.5,18.6,94.0,2.4
2018-01-18 07:00:00,0.0,905.7,905.1,4.0,19.2,18.5,96.0,1.1
2018-01-18 08:00:00,0.0,905.3,905.1,4.0,19.6,18.6,94.0,2.4
2018-01-18 09:00:00,0.0,905.6,905.2,5.0,19.6,18.6,94.0,1.3
2018-01-18 10:00:00,0.0,906.0,905.6,274.0,20.3,18.6,90.0,2.2
2018-01-18 11:00:00,0.2,906.3,906.0,787.0,20.8,18.6,88.0,3.3
2018-01-18 12:00:00,0.0,906.5,906.1,782.0,21.4,18.9,86.0,3.7
2018-01-18 13:00:00,0.0,906.7,906.5,688.0,21.4,18.9,86.0,5.2
2018-01-18 14:00:00,1.2,906.8,906.3,870.0,21.1,19.1,89.0,6.3
2018-01-18 15:00:00,0.0,906.3,905.8,2074.0,22.3,19.9,87.0,6.1
2018-01-18 16:00:00,0.8,905.9,905.7,2482.0,24.0,21.2,84.0,5.3
2018-01-18 17:00:00,0.0,905.8,905.1,2885.0,24.5,20.0,76.0,8.0
2018-01-18 18:00:00,0.0,905.2,904.7,1956.0,24.2,20.1,78.0,2.2
2018-01-18 19:00:00,13.2,905.2,904.6,723.0,21.5,20.3,93.0,5.5
2018-01-18 20:00:00,0.0,905.0,904.6,993.0,22.3,19.9,86.0,4.0
2018-01-18 21:00:00,0.0,905.4,905.0,382.0,21.6,19.1,86.0,5.0
2018-01-18 22:00:00,0.0,906.0,905.2,188.0,20.9,18.7,87.0,4.6
2018-01-18 23:00:00,1.6,906.4,905.8,6.0,20.5,19.0,91.0,4.0
2018-01-19 00:00:00,2.2,906.8,906.4,2.0,17.7,15.6,88.0,1.9
2018-01-19 01:00:00,0.0,907.5,906.7,2.0,17.4,16.0,92.0,1.4
2018-01-19 02:00:00,0.0,908.0,907.5,2.0,17.1,15.9,93.0,0.9
2018-01-19 03:00:00,0.0,907.8,907.4,2.0,16.7,16.1,96.0,0.6
2018-01-19 04:00:00,0.0,907.7,907.5,2.0,17.3,16.3,94.0,1.6
2018-01-19 05:00:00,0.0,907.7,907.5,2.0,17.0,16.4,96.0,1.0
2018-01-19 06:00:00,0.0,907.5,907.3,2.0,17.2,16.6,97.0,0.5
2018-01-19 07:00:00,0.0,907.7,907.3,2.0,17.5,16.8,95.0,1.2
2018-01-19 08:00:00,0.0,907.8,907.6,2.0,17.2,16.6,96.0,0.6
2018-01-19 09:00:00,0.0,908.2,907.6,12.0,16.9,16.4,96.0,1.3
2018-01-19 10:00:00,0.0,908.7,908.2,229.0,17.9,17.1,95.0,1.7
2018-01-19 11:00:00,0.0,909.0,908.6,559.0,18.8,17.5,92.0,1.6
2018-01-19 12:00:00,0.0,909.1,909.0,1250.0,19.9,17.2,84.0,1.5
2018-01-19 13:00:00,0.0,909.2,909.0,2102.0,22.0,16.8,73.0,1.3
2018-01-19 14:00:00,0.0,909.3,909.0,2371.0,23.1,16.7,67.0,2.1
2018-01-19 15:00:00,0.0,909.4,909.2,2588.0,24.0,16.2,62.0,2.8
2018-01-19 16:00:00,0.0,909.2,909.0,2259.0,24.3,15.6,58.0,3.1
2018-01-19 17:00:00,0.0,909.0,908.3,1508.0,23.6,18.0,71.0,2.8
2018-01-19 18:00:00,0.0,908.3,907.9,2157.0,24.3,17.6,67.0,2.4
2018-01-19 19:00:00,0.0,907.9,907.6,1336.0,23.8,18.1,71.0,2.7
2018-01-19 20:00:00,0.0,907.6,907.2,764.0,23.6,17.9,70.0,2.4
2018-01-19 21:00:00,0.0,907.4,907.2,638.0,23.1,18.1,73.0,2.8
2018-01-19 22:00:00,0.0,908.1,907.4,230.0,21.8,18.8,84.0,2.7
2018-01-19 23:00:00,0.0,908.6,908.0,37.0,19.5,17.0,85.0,4.2
2018-01-20 00:00:00,0.0,909.2,908.6,37.0,19.1,17.1,88.0,5.4
2018-01-20 01:00:00,0.0,909.9,909.2,37.0,18.8,17.3,91.0,2.4
2018-01-20 02:00:00,0.0,910.1,909.8,37.0,18.6,17.1,91.0,4.7
2018-01-20 03:00:00,0.0,910.1,909.9,37.0,18.4,17.0,91.0,4.0
2018-01-20 04:00:00,0.0,910.0,909.4,37.0,17.9,16.9,94.0,3.9
2018-01-20 05:00:00,0.0,909.4,909.0,37.0,17.8,16.5,92.0,3.8
2018-01-20 06:00:00,0.0,909.0,908.7,37.0,17.5,15.7,89.0,3.0
2018-01-20 07:00:00,0.0,909.0,908.7,37.0,17.2,15.5,89.0,1.5
2018-01-20 08:00:00,0.0,909.0,908.8,37.0,16.8,15.5,92.0,3.1
2018-01-20 09:00:00,0.0,909.5,908.9,13.0,16.9,15.7,92.0,1.7
2018-01-20 10:00:00,0.0,909.6,909.4,177.0,17.5,15.7,89.0,2.3
2018-01-20 11:00:00,0.0,910.1,909.6,537.0,18.0,15.7,86.0,3.6
2018-01-20 12:00:00,0.0,910.1,909.8,1805.0,20.0,16.2,79.0,4.5
2018-01-20 13:00:00,0.0,909.9,909.7,2922.0,21.5,15.8,70.0,4.0
2018-01-20 14:00:00,0.0,910.0,909.6,3510.0,22.3,15.9,67.0,5.0
2018-01-20 15:00:00,0.0,909.6,909.4,2989.0,23.0,16.8,68.0,4.9
2018-01-20 16:00:00,0.0,909.8,909.3,3781.0,24.5,17.8,66.0,5.1
2018-01-20 17:00:00,0.0,909.4,909.2,3169.0,23.7,16.7,65.0,5.3
2018-01-20 18:00:00,0.0,909.3,908.5,2078.0,24.2,16.4,62.0,5.4
2018-01-20 19:00:00,0.0,908.5,907.7,2364.0,24.4,16.0,60.0,5.6
2018-01-20 20:00:00,0.0,907.7,907.1,1838.0,23.8,16.1,62.0,6.1
2018-01-20 21:00:00,0.0,907.2,906.9,955.0,22.4,16.4,69.0,5.3
2018-01-20 22:00:00,0.0,907.4,907.0,225.0,20.7,17.1,80.0,4.6
2018-01-20 23:00:00,0.0,908.5,907.4,6.0,19.6,15.7,78.0,5.7
2018-01-21 00:00:00,0.0,909.0,908.4,6.0,18.8,15.5,81.0,5.9
2018-01-21 01:00:00,0.0,909.7,908.9,6.0,18.2,16.3,89.0,4.8
2018-01-21 02:00:00,0.0,910.3,909.6,6.0,18.0,16.0,88.0,4.6
2018-01-21 03:00:00,0.0,910.5,910.1,6.0,17.4,14.9,85.0,5.3
2018-01-21 04:00:00,0.0,910.2,909.7,6.0,16.5,14.3,87.0,3.8
2018-01-21 05:00:00,0.0,909.8,909.3,6.0,16.1,13.9,87.0,5.6
2018-01-21 06:00:00,0.0,909.2,908.1,6.0,15.9,14.0,89.0,3.9
2018-01-21 07:00:00,0.0,908.5,907.9,6.0,16.1,14.3,89.0,3.3
2018-01-21 08:00:00,0.4,908.2,907.6,6.0,15.8,14.6,93.0,4.3
2018-01-21 09:00:00,0.0,908.1,907.7,1.0,16.0,14.8,93.0,4.9
2018-01-21 10:00:00,0.0,908.3,908.0,83.0,16.3,14.9,92.0,5.0
2018-01-21 11:00:00,0.0,908.3,907.9,276.0,16.2,15.5,95.0,4.1
2018-01-21 12:00:00,0.0,908.5,908.2,488.0,17.3,16.3,94.0,4.7
2018-01-21 13:00:00,0.0,908.2,908.0,705.0,18.1,16.9,93.0,4.6
2018-01-21 14:00:00,0.0,908.2,907.9,908.0,19.2,17.4,89.0,3.8
2018-01-21 15:00:00,0.0,908.0,907.3,1470.0,21.3,18.4,84.0,4.7
2018-01-21 16:00:00,0.0,907.3,907.0,2055.0,21.3,18.2,82.0,4.6
2018-01-21 17:00:00,0.0,907.1,906.9,1418.0,21.1,17.7,81.0,5.0
2018-01-21 18:00:00,0.0,906.9,906.0,877.0,21.5,18.2,82.0,4.7
2018-01-21 19:00:00,0.6,906.2,905.8,374.0,19.8,18.1,90.0,2.9
2018-01-21 20:00:00,1.8,906.2,905.4,214.0,19.7,18.4,93.0,3.1
2018-01-21 21:00:00,0.0,905.4,905.1,104.0,19.4,18.3,94.0,3.2
2018-01-21 22:00:00,0.0,905.4,905.0,48.0,19.2,18.2,94.0,3.6
2018-01-21 23:00:00,4.6,906.8,905.3,3.0,18.3,16.9,92.0,3.0
2018-01-22 00:00:00,25.4,907.7,906.8,1.0,17.3,16.8,97.0,1.3
2018-01-22 01:00:00,2.0,907.6,907.3,1.0,17.2,16.8,97.0,0.4
2018-01-22 02:00:00,0.0,907.4,906.9,1.0,17.2,16.8,97.0,1.3
2018-01-22 03:00:00,0.2,907.3,906.5,1.0,17.1,16.7,97.0,1.3
2018-01-22 04:00:00,0.0,906.5,904.6,1.0,17.0,16.7,98.0,1.7
2018-01-22 05:00:00,0.0,904.6,903.5,1.0,16.9,16.6,98.0,3.0
2018-01-22 06:00:00,0.0,903.9,903.3,1.0,16.9,16.6,98.0,3.1
2018-01-22 07:00:00,0.0,904.2,903.9,1.0,17.2,16.8,98.0,2.8
2018-01-22 08:00:00,0.2,904.2,904.0,1.0,17.1,16.7,98.0,2.5
2018-01-22 09:00:00,0.0,904.6,904.1,3.0,17.0,16.6,98.0,2.5
2018-01-22 10:00:00,0.0,904.9,904.5,198.0,17.4,17.0,98.0,2.9
2018-01-22 11:00:00,0.0,905.1,904.6,433.0,18.1,17.7,98.0,1.8
2018-01-22 12:00:00,0.0,905.2,904.9,1077.0,20.0,18.1,89.0,1.3
2018-01-22 13:00:00,0.0,905.2,904.8,945.0,20.9,18.1,84.0,1.8
2018-01-22 14:00:00,0.0,905.0,904.6,1922.0,22.6,18.3,77.0,3.4
2018-01-22 15:00:00,0.0,904.7,904.1,1927.0,24.3,20.0,77.0,3.9
2018-01-22 16:00:00,0.0,904.1,903.4,3304.0,27.0,21.2,70.0,2.4
2018-01-22 17:00:00,0.0,903.4,902.3,2593.0,26.2,19.2,65.0,2.6
2018-01-22 18:00:00,0.2,903.0,902.2,949.0,21.5,19.1,86.0,3.4
2018-01-22 19:00:00,4.8,904.0,902.7,224.0,19.3,17.8,91.0,2.6
2018-01-22 20:00:00,2.6,904.0,903.3,438.0,18.9,17.9,94.0,3.1
2018-01-22 21:00:00,1.4,904.3,903.5,135.0,18.8,17.6,93.0,1.3
2018-01-22 22:00:00,0.0,904.0,903.5,54.0,18.8,18.0,95.0,1.2
2018-01-22 23:00:00,0.0,904.7,903.9,8.0,18.5,17.8,96.0,1.8
2018-01-23 00:00:00,0.0,905.0,904.6,8.0,18.1,17.4,96.0,1.4
2018-01-23 01:00:00,0.0,905.3,904.8,8.0,18.2,17.7,97.0,2.8
2018-01-23 02:00:00,0.0,905.4,904.9,8.0,18.0,17.5,97.0,1.8
2018-01-23 03:00:00,0.0,905.1,904.4,8.0,17.9,17.5,97.0,2.3
2018-01-23 04:00:00,0.0,904.6,904.3,8.0,17.9,17.5,98.0,1.8
2018-01-23 05:00:00,0.0,904.5,904.1,0.0,17.8,17.4,98.0,1.5
2018-01-23 06:00:00,0.0,904.3,904.1,0.0,17.7,17.4,98.0,2.4
2018-01-23 07:00:00,0.0,904.2,903.8,1.0,17.8,17.4,98.0,2.5
2018-01-23 08:00:00,0.0,904.2,904.0,1.0,17.8,17.5,98.0,2.0
2018-01-23 09:00:00,0.0,904.3,904.1,4.0,17.8,17.4,98.0,2.4
2018-01-23 10:00:00,0.0,904.8,904.3,125.0,18.0,17.6,98.0,1.7
2018-01-23 11:00:00,0.0,905.3,904.8,695.0,19.6,19.2,98.0,0.9
2018-01-23 12:00:00,0.0,905.5,905.3,1992.0,22.5,20.0,86.0,3.4
2018-01-23 13:00:00,0.0,905.5,905.0,2904.0,25.2,20.7,76.0,3.6
2018-01-23 14:00:00,0.0,905.0,904.4,2860.0,26.4,19.8,67.0,3.8
2018-01-23 15:00:00,0.0,904.4,903.9,3107.0,27.0,19.4,63.0,4.9
2018-01-23 16:00:00,0.0,904.1,903.4,2960.0,27.5,19.0,60.0,5.0
2018-01-23 17:00:00,0.0,903.4,902.7,2892.0,27.7,18.2,56.0,3.8
2018-01-23 18:00:00,0.4,903.2,902.6,1473.0,24.3,19.9,77.0,2.8
2018-01-23 19:00:00,17.0,905.1,903.0,175.0,18.8,18.3,97.0,3.5
2018-01-23 20:00:00,0.0,904.2,903.6,457.0,19.3,18.3,94.0,2.1
2018-01-23 21:00:00,2.0,905.1,903.6,195.0,19.9,18.7,93.0,1.6
2018-01-23 22:00:00,0.4,905.7,904.7,38.0,19.6,18.7,95.0,1.4
2018-01-23 23:00:00,0.0,905.8,904.9,5.0,19.0,18.4,97.0,2.0
2018-01-24 00:00:00,0.0,905.2,904.6,5.0,18.6,18.0,96.0,1.8
2018-01-24 01:00:00,0.0,905.8,905.1,5.0,18.6,17.9,95.0,2.0
2018-01-24 02:00:00,0.0,906.6,905.8,5.0,18.7,18.1,96.0,3.2
2018-01-24 03:00:00,0.0,906.5,905.5,5.0,18.2,17.6,96.0,0.2
2018-01-24 04:00:00,0.0,905.5,904.7,5.0,17.9,17.5,97.0,1.4
2018-01-24 05:00:00,0.0,904.8,904.5,0.0,18.0,17.6,98.0,2.4
2018-01-24 06:00:00,0.0,904.8,904.3,0.0,18.1,17.7,98.0,1.1
